providerName,regionName,connectionName,cspSpecName,CostPerHour,evaluationScore01,evaluationScore02,evaluationScore03,evaluationScore04,evaluationScore05,evaluationScore06,evaluationScore07,evaluationScore08,evaluationScore09,evaluationScore10,rootDiskType,rootDiskSize
ALIBABA,alibaba-ap-northeast-2,alibaba-ap-northeast-2,ecs.g6e.large,0.12122,78.43,,,,,,,,,,cloud_essd,40
ALIBABA,alibaba-ap-northeast-2,alibaba-ap-northeast-2,ecs.g6e.xlarge,0.24244,78.43,,,,,,,,,,cloud_essd,40
ALIBABA,alibaba-ap-northeast-2,alibaba-ap-northeast-2,ecs.g6e.2xlarge,0.48488,78.43,,,,,,,,,,cloud_essd,40
ALIBABA,alibaba-ap-northeast-2,alibaba-ap-northeast-2,ecs.g6e.4xlarge,0.96976,78.43,,,,,,,,,,cloud_essd,40
ALIBABA,alibaba-ap-northeast-2,alibaba-ap-northeast-2,ecs.g6e.8xlarge,1.93952,78.43,,,,,,,,,,cloud_essd,40
ALIBABA,alibaba-ap-northeast-2,alibaba-ap-northeast-2,ecs.g6e.13xlarge,3.15172,78.43,,,,,,,,,,cloud_essd,40
ALIBABA,alibaba-ap-northeast-1,alibaba-ap-northeast-1,ecs.g7.large,0.112,78.43,,,,,,,,,,cloud_essd,40
ALIBABA,alibaba-ap-northeast-1,alibaba-ap-northeast-1,ecs.g7.xlarge,0.223,78.43,,,,,,,,,,cloud_essd,40
ALIBABA,alibaba-ap-northeast-1,alibaba-ap-northeast-1,ecs.g7.2xlarge,0.446,78.43,,,,,,,,,,cloud_essd,40
ALIBABA,alibaba-ap-northeast-1,alibaba-ap-northeast-1,ecs.g7.3xlarge,0.67,78.43,,,,,,,,,,cloud_essd,40
ALIBABA,alibaba-ap-northeast-1,alibaba-ap-northeast-1,ecs.g7.4xlarge,0.893,78.43,,,,,,,,,,cloud_essd,40
ALIBABA,alibaba-ap-northeast-1,alibaba-ap-northeast-1,ecs.g7.6xlarge,1.339,78.43,,,,,,,,,,cloud_essd,40
ALIBABA,alibaba-ap-northeast-1,alibaba-ap-northeast-1,ecs.g7.8xlarge,1.786,78.43,,,,,,,,,,cloud_essd,40
ALIBABA,alibaba-ap-northeast-1,alibaba-ap-northeast-1,ecs.g7.16xlarge,3.571,78.43,,,,,,,,,,cloud_essd,40
ALIBABA,alibaba-ap-northeast-1,alibaba-ap-northeast-1,ecs.g7a.large,0.102,78.43,,,,,,,,,,cloud_essd,40
ALIBABA,alibaba-ap-northeast-1,alibaba-ap-northeast-1,ecs.g7a.xlarge,0.204,78.43,,,,,,,,,,cloud_essd,40
ALIBABA,alibaba-ap-northeast-1,alibaba-ap-northeast-1,ecs.g7a.2xlarge,0.408,78.43,,,,,,,,,,cloud_essd,40
ALIBABA,alibaba-ap-northeast-1,alibaba-ap-northeast-1,ecs.g7a.4xlarge,0.816,78.43,,,,,,,,,,cloud_essd,40
ALIBABA,alibaba-ap-northeast-1,alibaba-ap-northeast-1,ecs.g7a.8xlarge,1.632,78.43,,,,,,,,,,cloud_essd,40
ALIBABA,alibaba-ap-northeast-1,alibaba-ap-northeast-1,ecs.g7a.16xlarge,3.264,78.43,,,,,,,,,,cloud_essd,40
ALIBABA,alibaba-ap-northeast-1,alibaba-ap-northeast-1,ecs.g7a.32xlarge,6.528,78.43,,,,,,,,,,cloud_essd,40
ALIBABA,alibaba-ap-northeast-1,alibaba-ap-northeast-1,ecs.g6.large,0.12,78.43,,,,,,,,,,cloud_essd,40
ALIBABA,alibaba-ap-northeast-1,alibaba-ap-northeast-1,ecs.g6.xlarge,0.24,78.43,,,,,,,,,,cloud_essd,40
ALIBABA,alibaba-ap-northeast-1,alibaba-ap-northeast-1,ecs.g6.2xlarge,0.48,78.43,,,,,,,,,,cloud_essd,40
ALIBABA,alibaba-ap-northeast-1,alibaba-ap-northeast-1,ecs.g6.3xlarge,0.72,78.43,,,,,,,,,,cloud_essd,40
ALIBABA,alibaba-ap-northeast-1,alibaba-ap-northeast-1,ecs.g6.4xlarge,0.96,78.43,,,,,,,,,,cloud_essd,40
ALIBABA,alibaba-ap-northeast-1,alibaba-ap-northeast-1,ecs.g6.6xlarge,1.44,78.43,,,,,,,,,,cloud_essd,40
ALIBABA,alibaba-ap-northeast-1,alibaba-ap-northeast-1,ecs.g6.8xlarge,1.92,78.43,,,,,,,,,,cloud_essd,40
ALIBABA,alibaba-ap-northeast-1,alibaba-ap-northeast-1,ecs.g6.13xlarge,3.12,78.43,,,,,,,,,,cloud_essd,40
ALIBABA,alibaba-ap-northeast-1,alibaba-ap-northeast-1,ecs.g6.26xlarge,6.24,78.43,,,,,,,,,,cloud_essd,40
ALIBABA,alibaba-ap-northeast-1,alibaba-ap-northeast-1,ecs.g6e.large,0.132,78.43,,,,,,,,,,cloud_essd,40
ALIBABA,alibaba-ap-northeast-1,alibaba-ap-northeast-1,ecs.g6e.xlarge,0.264,78.43,,,,,,,,,,cloud_essd,40
ALIBABA,alibaba-ap-northeast-1,alibaba-ap-northeast-1,ecs.g6e.2xlarge,0.528,78.43,,,,,,,,,,cloud_essd,40
ALIBABA,alibaba-ap-northeast-1,alibaba-ap-northeast-1,ecs.g6e.4xlarge,1.056,78.43,,,,,,,,,,cloud_essd,40
ALIBABA,alibaba-ap-northeast-1,alibaba-ap-northeast-1,ecs.g6e.8xlarge,2.112,78.43,,,,,,,,,,cloud_essd,40
ALIBABA,alibaba-ap-northeast-1,alibaba-ap-northeast-1,ecs.g6e.13xlarge,3.432,78.43,,,,,,,,,,cloud_essd,40
ALIBABA,alibaba-ap-northeast-1,alibaba-ap-northeast-1,ecs.g5.large,0.12,78.43,,,,,,,,,,cloud_essd,40
ALIBABA,alibaba-ap-northeast-1,alibaba-ap-northeast-1,ecs.g5.xlarge,0.24,78.43,,,,,,,,,,cloud_essd,40
ALIBABA,alibaba-ap-northeast-1,alibaba-ap-northeast-1,ecs.g5.2xlarge,0.48,78.43,,,,,,,,,,cloud_essd,40
ALIBABA,alibaba-ap-northeast-1,alibaba-ap-northeast-1,ecs.g5.3xlarge,0.72,78.43,,,,,,,,,,cloud_essd,40
ALIBABA,alibaba-ap-northeast-1,alibaba-ap-northeast-1,ecs.g5.4xlarge,0.96,78.43,,,,,,,,,,cloud_essd,40
ALIBABA,alibaba-ap-northeast-1,alibaba-ap-northeast-1,ecs.g5.6xlarge,1.44,78.43,,,,,,,,,,cloud_essd,40
ALIBABA,alibaba-ap-northeast-1,alibaba-ap-northeast-1,ecs.g5.8xlarge,1.92,78.43,,,,,,,,,,cloud_essd,40
ALIBABA,alibaba-ap-northeast-1,alibaba-ap-northeast-1,ecs.g5.16xlarge,3.84,78.43,,,,,,,,,,cloud_essd,40
ALIBABA,alibaba-ap-south-1,alibaba-ap-south-1,ecs.g6.large,0.098,78.43,,,,,,,,,,cloud_essd,40
ALIBABA,alibaba-ap-south-1,alibaba-ap-south-1,ecs.g6.xlarge,0.196,78.43,,,,,,,,,,cloud_essd,40
ALIBABA,alibaba-ap-south-1,alibaba-ap-south-1,ecs.g6.2xlarge,0.392,78.43,,,,,,,,,,cloud_essd,40
ALIBABA,alibaba-ap-south-1,alibaba-ap-south-1,ecs.g6.3xlarge,0.588,78.43,,,,,,,,,,cloud_essd,40
ALIBABA,alibaba-ap-south-1,alibaba-ap-south-1,ecs.g6.4xlarge,0.784,78.43,,,,,,,,,,cloud_essd,40
ALIBABA,alibaba-ap-south-1,alibaba-ap-south-1,ecs.g6.6xlarge,1.176,78.43,,,,,,,,,,cloud_essd,40
ALIBABA,alibaba-ap-south-1,alibaba-ap-south-1,ecs.g6.8xlarge,1.568,78.43,,,,,,,,,,cloud_essd,40
ALIBABA,alibaba-ap-south-1,alibaba-ap-south-1,ecs.g6.13xlarge,2.548,78.43,,,,,,,,,,cloud_essd,40
ALIBABA,alibaba-ap-southeast-1,alibaba-ap-southeast-1,ecs.g7.large,0.108,78.43,,,,,,,,,,cloud_essd,40
ALIBABA,alibaba-ap-southeast-1,alibaba-ap-southeast-1,ecs.g7.xlarge,0.216,78.43,,,,,,,,,,cloud_essd,40
ALIBABA,alibaba-ap-southeast-1,alibaba-ap-southeast-1,ecs.g7.2xlarge,0.432,78.43,,,,,,,,,,cloud_essd,40
ALIBABA,alibaba-ap-southeast-1,alibaba-ap-southeast-1,ecs.g7.3xlarge,0.648,78.43,,,,,,,,,,cloud_essd,40
ALIBABA,alibaba-ap-southeast-1,alibaba-ap-southeast-1,ecs.g7.4xlarge,0.864,78.43,,,,,,,,,,cloud_essd,40
ALIBABA,alibaba-ap-southeast-1,alibaba-ap-southeast-1,ecs.g7.6xlarge,1.296,78.43,,,,,,,,,,cloud_essd,40
ALIBABA,alibaba-ap-southeast-1,alibaba-ap-southeast-1,ecs.g7.8xlarge,1.728,78.43,,,,,,,,,,cloud_essd,40
ALIBABA,alibaba-ap-southeast-1,alibaba-ap-southeast-1,ecs.g7.16xlarge,3.456,78.43,,,,,,,,,,cloud_essd,40
ALIBABA,alibaba-ap-southeast-1,alibaba-ap-southeast-1,ecs.g7a.large,0.102,78.43,,,,,,,,,,cloud_essd,40
ALIBABA,alibaba-ap-southeast-1,alibaba-ap-southeast-1,ecs.g7a.xlarge,0.204,78.43,,,,,,,,,,cloud_essd,40
ALIBABA,alibaba-ap-southeast-1,alibaba-ap-southeast-1,ecs.g7a.2xlarge,0.408,78.43,,,,,,,,,,cloud_essd,40
ALIBABA,alibaba-ap-southeast-1,alibaba-ap-southeast-1,ecs.g7a.4xlarge,0.816,78.43,,,,,,,,,,cloud_essd,40
ALIBABA,alibaba-ap-southeast-1,alibaba-ap-southeast-1,ecs.g7a.8xlarge,1.632,78.43,,,,,,,,,,cloud_essd,40
ALIBABA,alibaba-ap-southeast-1,alibaba-ap-southeast-1,ecs.g7a.16xlarge,3.264,78.43,,,,,,,,,,cloud_essd,40
ALIBABA,alibaba-ap-southeast-1,alibaba-ap-southeast-1,ecs.g7a.32xlarge,6.528,78.43,,,,,,,,,,cloud_essd,40
ALIBABA,alibaba-ap-southeast-1,alibaba-ap-southeast-1,ecs.g6.large,0.116,78.43,,,,,,,,,,cloud_essd,40
ALIBABA,alibaba-ap-southeast-1,alibaba-ap-southeast-1,ecs.g6.xlarge,0.232,78.43,,,,,,,,,,cloud_essd,40
ALIBABA,alibaba-ap-southeast-1,alibaba-ap-southeast-1,ecs.g6.2xlarge,0.464,78.43,,,,,,,,,,cloud_essd,40
ALIBABA,alibaba-ap-southeast-1,alibaba-ap-southeast-1,ecs.g6.3xlarge,0.696,78.43,,,,,,,,,,cloud_essd,40
ALIBABA,alibaba-ap-southeast-1,alibaba-ap-southeast-1,ecs.g6.4xlarge,0.928,78.43,,,,,,,,,,cloud_essd,40
ALIBABA,alibaba-ap-southeast-1,alibaba-ap-southeast-1,ecs.g6.6xlarge,1.392,78.43,,,,,,,,,,cloud_essd,40
ALIBABA,alibaba-ap-southeast-1,alibaba-ap-southeast-1,ecs.g6.8xlarge,1.856,78.43,,,,,,,,,,cloud_essd,40
ALIBABA,alibaba-ap-southeast-1,alibaba-ap-southeast-1,ecs.g6.13xlarge,3.016,78.43,,,,,,,,,,cloud_essd,40
ALIBABA,alibaba-ap-southeast-1,alibaba-ap-southeast-1,ecs.g6.26xlarge,6.032,78.43,,,,,,,,,,cloud_essd,40
ALIBABA,alibaba-ap-southeast-1,alibaba-ap-southeast-1,ecs.g6e.large,0.1276,78.43,,,,,,,,,,cloud_essd,40
ALIBABA,alibaba-ap-southeast-1,alibaba-ap-southeast-1,ecs.g6e.xlarge,0.2552,78.43,,,,,,,,,,cloud_essd,40
ALIBABA,alibaba-ap-southeast-1,alibaba-ap-southeast-1,ecs.g6e.2xlarge,0.5104,78.43,,,,,,,,,,cloud_essd,40
ALIBABA,alibaba-ap-southeast-1,alibaba-ap-southeast-1,ecs.g6e.4xlarge,1.0208,78.43,,,,,,,,,,cloud_essd,40
ALIBABA,alibaba-ap-southeast-1,alibaba-ap-southeast-1,ecs.g6e.8xlarge,2.0416,78.43,,,,,,,,,,cloud_essd,40
ALIBABA,alibaba-ap-southeast-1,alibaba-ap-southeast-1,ecs.g6e.13xlarge,3.3176,78.43,,,,,,,,,,cloud_essd,40
ALIBABA,alibaba-ap-southeast-1,alibaba-ap-southeast-1,ecs.g5.large,0.12,78.43,,,,,,,,,,cloud_essd,40
ALIBABA,alibaba-ap-southeast-1,alibaba-ap-southeast-1,ecs.g5.xlarge,0.24,78.43,,,,,,,,,,cloud_essd,40
ALIBABA,alibaba-ap-southeast-1,alibaba-ap-southeast-1,ecs.g5.2xlarge,0.48,78.43,,,,,,,,,,cloud_essd,40
ALIBABA,alibaba-ap-southeast-1,alibaba-ap-southeast-1,ecs.g5.3xlarge,0.72,78.43,,,,,,,,,,cloud_essd,40
ALIBABA,alibaba-ap-southeast-1,alibaba-ap-southeast-1,ecs.g5.4xlarge,0.96,78.43,,,,,,,,,,cloud_essd,40
ALIBABA,alibaba-ap-southeast-1,alibaba-ap-southeast-1,ecs.g5.6xlarge,1.44,78.43,,,,,,,,,,cloud_essd,40
ALIBABA,alibaba-ap-southeast-1,alibaba-ap-southeast-1,ecs.g5.8xlarge,1.92,78.43,,,,,,,,,,cloud_essd,40
ALIBABA,alibaba-ap-southeast-1,alibaba-ap-southeast-1,ecs.g5.16xlarge,3.84,78.43,,,,,,,,,,cloud_essd,40
ALIBABA,alibaba-ap-southeast-2,alibaba-ap-southeast-2,ecs.g6.large,0.116,78.43,,,,,,,,,,cloud_essd,40
ALIBABA,alibaba-ap-southeast-2,alibaba-ap-southeast-2,ecs.g6.xlarge,0.232,78.43,,,,,,,,,,cloud_essd,40
ALIBABA,alibaba-ap-southeast-2,alibaba-ap-southeast-2,ecs.g6.2xlarge,0.464,78.43,,,,,,,,,,cloud_essd,40
ALIBABA,alibaba-ap-southeast-2,alibaba-ap-southeast-2,ecs.g6.3xlarge,0.696,78.43,,,,,,,,,,cloud_essd,40
ALIBABA,alibaba-ap-southeast-2,alibaba-ap-southeast-2,ecs.g6.4xlarge,0.928,78.43,,,,,,,,,,cloud_essd,40
ALIBABA,alibaba-ap-southeast-2,alibaba-ap-southeast-2,ecs.g6.6xlarge,1.392,78.43,,,,,,,,,,cloud_essd,40
ALIBABA,alibaba-ap-southeast-2,alibaba-ap-southeast-2,ecs.g6.8xlarge,1.856,78.43,,,,,,,,,,cloud_essd,40
ALIBABA,alibaba-ap-southeast-2,alibaba-ap-southeast-2,ecs.g6e.large,0.1276,78.43,,,,,,,,,,cloud_essd,40
ALIBABA,alibaba-ap-southeast-2,alibaba-ap-southeast-2,ecs.g6e.xlarge,0.2552,78.43,,,,,,,,,,cloud_essd,40
ALIBABA,alibaba-ap-southeast-2,alibaba-ap-southeast-2,ecs.g6e.2xlarge,0.5104,78.43,,,,,,,,,,cloud_essd,40
ALIBABA,alibaba-ap-southeast-2,alibaba-ap-southeast-2,ecs.g6e.4xlarge,1.0208,78.43,,,,,,,,,,cloud_essd,40
ALIBABA,alibaba-ap-southeast-2,alibaba-ap-southeast-2,ecs.g6e.8xlarge,2.0416,78.43,,,,,,,,,,cloud_essd,40
ALIBABA,alibaba-ap-southeast-2,alibaba-ap-southeast-2,ecs.g5.large,0.114,78.43,,,,,,,,,,cloud_essd,40
ALIBABA,alibaba-ap-southeast-2,alibaba-ap-southeast-2,ecs.g5.xlarge,0.228,78.43,,,,,,,,,,cloud_essd,40
ALIBABA,alibaba-ap-southeast-2,alibaba-ap-southeast-2,ecs.g5.2xlarge,0.456,78.43,,,,,,,,,,cloud_essd,40
ALIBABA,alibaba-ap-southeast-2,alibaba-ap-southeast-2,ecs.g5.3xlarge,0.684,78.43,,,,,,,,,,cloud_essd,40
ALIBABA,alibaba-ap-southeast-2,alibaba-ap-southeast-2,ecs.g5.4xlarge,0.912,78.43,,,,,,,,,,cloud_essd,40
ALIBABA,alibaba-ap-southeast-2,alibaba-ap-southeast-2,ecs.g5.6xlarge,1.368,78.43,,,,,,,,,,cloud_essd,40
ALIBABA,alibaba-ap-southeast-2,alibaba-ap-southeast-2,ecs.g5.8xlarge,1.824,78.43,,,,,,,,,,cloud_essd,40
ALIBABA,alibaba-ap-southeast-2,alibaba-ap-southeast-2,ecs.g5.16xlarge,3.648,78.43,,,,,,,,,,cloud_essd,40
ALIBABA,alibaba-ap-southeast-3,alibaba-ap-southeast-3,ecs.g6.large,0.1102,78.43,,,,,,,,,,cloud_essd,40
ALIBABA,alibaba-ap-southeast-3,alibaba-ap-southeast-3,ecs.g6.xlarge,0.2204,78.43,,,,,,,,,,cloud_essd,40
ALIBABA,alibaba-ap-southeast-3,alibaba-ap-southeast-3,ecs.g6.2xlarge,0.4408,78.43,,,,,,,,,,cloud_essd,40
ALIBABA,alibaba-ap-southeast-3,alibaba-ap-southeast-3,ecs.g6.3xlarge,0.6612,78.43,,,,,,,,,,cloud_essd,40
ALIBABA,alibaba-ap-southeast-3,alibaba-ap-southeast-3,ecs.g6.4xlarge,0.8816,78.43,,,,,,,,,,cloud_essd,40
ALIBABA,alibaba-ap-southeast-3,alibaba-ap-southeast-3,ecs.g6.6xlarge,1.3224,78.43,,,,,,,,,,cloud_essd,40
ALIBABA,alibaba-ap-southeast-3,alibaba-ap-southeast-3,ecs.g6.8xlarge,1.7632,78.43,,,,,,,,,,cloud_essd,40
ALIBABA,alibaba-ap-southeast-3,alibaba-ap-southeast-3,ecs.g6.13xlarge,2.8652,78.43,,,,,,,,,,cloud_essd,40
ALIBABA,alibaba-ap-southeast-3,alibaba-ap-southeast-3,ecs.g6.26xlarge,5.7304,78.43,,,,,,,,,,cloud_essd,40
ALIBABA,alibaba-ap-southeast-5,alibaba-ap-southeast-5,ecs.g6.large,0.116,78.43,,,,,,,,,,cloud_essd,40
ALIBABA,alibaba-ap-southeast-5,alibaba-ap-southeast-5,ecs.g6.xlarge,0.232,78.43,,,,,,,,,,cloud_essd,40
ALIBABA,alibaba-ap-southeast-5,alibaba-ap-southeast-5,ecs.g6.2xlarge,0.464,78.43,,,,,,,,,,cloud_essd,40
ALIBABA,alibaba-ap-southeast-5,alibaba-ap-southeast-5,ecs.g6.3xlarge,0.696,78.43,,,,,,,,,,cloud_essd,40
ALIBABA,alibaba-ap-southeast-5,alibaba-ap-southeast-5,ecs.g6.4xlarge,0.928,78.43,,,,,,,,,,cloud_essd,40
ALIBABA,alibaba-ap-southeast-5,alibaba-ap-southeast-5,ecs.g6.6xlarge,1.392,78.43,,,,,,,,,,cloud_essd,40
ALIBABA,alibaba-ap-southeast-5,alibaba-ap-southeast-5,ecs.g6.8xlarge,1.856,78.43,,,,,,,,,,cloud_essd,40
ALIBABA,alibaba-ap-southeast-5,alibaba-ap-southeast-5,ecs.g6.13xlarge,3.016,78.43,,,,,,,,,,cloud_essd,40
ALIBABA,alibaba-ap-southeast-5,alibaba-ap-southeast-5,ecs.g6.26xlarge,6.032,78.43,,,,,,,,,,cloud_essd,40
ALIBABA,alibaba-ap-southeast-6,alibaba-ap-southeast-6,ecs.g6.large,0.1044,78.43,,,,,,,,,,cloud_essd,40
ALIBABA,alibaba-ap-southeast-6,alibaba-ap-southeast-6,ecs.g6.xlarge,0.2088,78.43,,,,,,,,,,cloud_essd,40
ALIBABA,alibaba-ap-southeast-6,alibaba-ap-southeast-6,ecs.g6.2xlarge,0.4176,78.43,,,,,,,,,,cloud_essd,40
ALIBABA,alibaba-ap-southeast-6,alibaba-ap-southeast-6,ecs.g6.3xlarge,0.6264,78.43,,,,,,,,,,cloud_essd,40
ALIBABA,alibaba-ap-southeast-6,alibaba-ap-southeast-6,ecs.g6.4xlarge,0.8352,78.43,,,,,,,,,,cloud_essd,40
ALIBABA,alibaba-ap-southeast-6,alibaba-ap-southeast-6,ecs.g6.6xlarge,1.2528,78.43,,,,,,,,,,cloud_essd,40
ALIBABA,alibaba-ap-southeast-6,alibaba-ap-southeast-6,ecs.g6.8xlarge,1.6704,78.43,,,,,,,,,,cloud_essd,40
ALIBABA,alibaba-ap-southeast-6,alibaba-ap-southeast-6,ecs.g6.13xlarge,2.7144,78.43,,,,,,,,,,cloud_essd,40
ALIBABA,alibaba-ap-southeast-6,alibaba-ap-southeast-6,ecs.g6.26xlarge,5.4288,78.43,,,,,,,,,,cloud_essd,40
ALIBABA,alibaba-ap-southeast-7,alibaba-ap-southeast-7,ecs.g6e.large,0.12122,78.43,,,,,,,,,,cloud_essd,40
ALIBABA,alibaba-ap-southeast-7,alibaba-ap-southeast-7,ecs.g6e.xlarge,0.24244,78.43,,,,,,,,,,cloud_essd,40
ALIBABA,alibaba-ap-southeast-7,alibaba-ap-southeast-7,ecs.g6e.2xlarge,0.48488,78.43,,,,,,,,,,cloud_essd,40
ALIBABA,alibaba-ap-southeast-7,alibaba-ap-southeast-7,ecs.g6e.4xlarge,0.96976,78.43,,,,,,,,,,cloud_essd,40
ALIBABA,alibaba-ap-southeast-7,alibaba-ap-southeast-7,ecs.g6e.8xlarge,1.93952,78.43,,,,,,,,,,cloud_essd,40
ALIBABA,alibaba-ap-southeast-7,alibaba-ap-southeast-7,ecs.g6e.13xlarge,3.15172,78.43,,,,,,,,,,cloud_essd,40
ALIBABA,alibaba-us-west-1,alibaba-us-west-1,ecs.g6.large,0.093,78.43,,,,,,,,,,cloud_essd,40
ALIBABA,alibaba-us-west-1,alibaba-us-west-1,ecs.g6.xlarge,0.186,78.43,,,,,,,,,,cloud_essd,40
ALIBABA,alibaba-us-west-1,alibaba-us-west-1,ecs.g6.2xlarge,0.372,78.43,,,,,,,,,,cloud_essd,40
ALIBABA,alibaba-us-west-1,alibaba-us-west-1,ecs.g6.3xlarge,0.558,78.43,,,,,,,,,,cloud_essd,40
ALIBABA,alibaba-us-west-1,alibaba-us-west-1,ecs.g6.4xlarge,0.744,78.43,,,,,,,,,,cloud_essd,40
ALIBABA,alibaba-us-west-1,alibaba-us-west-1,ecs.g6.6xlarge,1.116,78.43,,,,,,,,,,cloud_essd,40
ALIBABA,alibaba-us-west-1,alibaba-us-west-1,ecs.g6.8xlarge,1.488,78.43,,,,,,,,,,cloud_essd,40
ALIBABA,alibaba-us-west-1,alibaba-us-west-1,ecs.g6.13xlarge,2.418,78.43,,,,,,,,,,cloud_essd,40
ALIBABA,alibaba-us-east-1,alibaba-us-east-1,ecs.g6.large,0.093,78.43,,,,,,,,,,cloud_essd,40
ALIBABA,alibaba-us-east-1,alibaba-us-east-1,ecs.g6.xlarge,0.186,78.43,,,,,,,,,,cloud_essd,40
ALIBABA,alibaba-us-east-1,alibaba-us-east-1,ecs.g6.2xlarge,0.372,78.43,,,,,,,,,,cloud_essd,40
ALIBABA,alibaba-us-east-1,alibaba-us-east-1,ecs.g6.3xlarge,0.558,78.43,,,,,,,,,,cloud_essd,40
ALIBABA,alibaba-us-east-1,alibaba-us-east-1,ecs.g6.4xlarge,0.744,78.43,,,,,,,,,,cloud_essd,40
ALIBABA,alibaba-us-east-1,alibaba-us-east-1,ecs.g6.6xlarge,1.116,78.43,,,,,,,,,,cloud_essd,40
ALIBABA,alibaba-us-east-1,alibaba-us-east-1,ecs.g6.8xlarge,1.488,78.43,,,,,,,,,,cloud_essd,40
ALIBABA,alibaba-us-east-1,alibaba-us-east-1,ecs.g6.13xlarge,2.418,78.43,,,,,,,,,,cloud_essd,40
ALIBABA,alibaba-eu-central-1,alibaba-eu-central-1,ecs.g6.large,0.112,78.43,,,,,,,,,,cloud_essd,40
ALIBABA,alibaba-eu-central-1,alibaba-eu-central-1,ecs.g6.xlarge,0.224,78.43,,,,,,,,,,cloud_essd,40
ALIBABA,alibaba-eu-central-1,alibaba-eu-central-1,ecs.g6.2xlarge,0.448,78.43,,,,,,,,,,cloud_essd,40
ALIBABA,alibaba-eu-central-1,alibaba-eu-central-1,ecs.g6.3xlarge,0.672,78.43,,,,,,,,,,cloud_essd,40
ALIBABA,alibaba-eu-central-1,alibaba-eu-central-1,ecs.g6.4xlarge,0.896,78.43,,,,,,,,,,cloud_essd,40
ALIBABA,alibaba-eu-central-1,alibaba-eu-central-1,ecs.g6.6xlarge,1.344,78.43,,,,,,,,,,cloud_essd,40
ALIBABA,alibaba-eu-central-1,alibaba-eu-central-1,ecs.g6.8xlarge,1.792,78.43,,,,,,,,,,cloud_essd,40
ALIBABA,alibaba-eu-central-1,alibaba-eu-central-1,ecs.g6.13xlarge,2.912,78.43,,,,,,,,,,cloud_essd,40
ALIBABA,alibaba-eu-west-1,alibaba-eu-west-1,ecs.g6.large,0.108,78.43,,,,,,,,,,cloud_essd,40
ALIBABA,alibaba-eu-west-1,alibaba-eu-west-1,ecs.g6.xlarge,0.216,78.43,,,,,,,,,,cloud_essd,40
ALIBABA,alibaba-eu-west-1,alibaba-eu-west-1,ecs.g6.2xlarge,0.432,78.43,,,,,,,,,,cloud_essd,40
ALIBABA,alibaba-eu-west-1,alibaba-eu-west-1,ecs.g6.3xlarge,0.648,78.43,,,,,,,,,,cloud_essd,40
ALIBABA,alibaba-eu-west-1,alibaba-eu-west-1,ecs.g6.4xlarge,0.864,78.43,,,,,,,,,,cloud_essd,40
ALIBABA,alibaba-eu-west-1,alibaba-eu-west-1,ecs.g6.6xlarge,1.296,78.43,,,,,,,,,,cloud_essd,40
ALIBABA,alibaba-eu-west-1,alibaba-eu-west-1,ecs.g6.8xlarge,1.728,78.43,,,,,,,,,,cloud_essd,40
ALIBABA,alibaba-eu-west-1,alibaba-eu-west-1,ecs.g6.13xlarge,2.808,78.43,,,,,,,,,,cloud_essd,40
ALIBABA,alibaba-me-east-1,alibaba-me-east-1,ecs.sn2.medium,0.142,78.43,,,,,,,,,,cloud_ssd,40
ALIBABA,alibaba-me-east-1,alibaba-me-east-1,ecs.sn2.large,0.285,78.43,,,,,,,,,,cloud_ssd,40
ALIBABA,alibaba-me-east-1,alibaba-me-east-1,ecs.sn2.xlarge,0.57,78.43,,,,,,,,,,cloud_ssd,40
ALIBABA,alibaba-me-east-1,alibaba-me-east-1,ecs.sn2.3xlarge,1.14,78.43,,,,,,,,,,cloud_ssd,40
ALIBABA,alibaba-cn-hongkong,alibaba-cn-hongkong,ecs.g7.large,0.1188,78.43,,,,,,,,,,cloud_essd,40
ALIBABA,alibaba-cn-hongkong,alibaba-cn-hongkong,ecs.g7.xlarge,0.2376,78.43,,,,,,,,,,cloud_essd,40
ALIBABA,alibaba-cn-hongkong,alibaba-cn-hongkong,ecs.g7.2xlarge,0.4752,78.43,,,,,,,,,,cloud_essd,40
ALIBABA,alibaba-cn-hongkong,alibaba-cn-hongkong,ecs.g7.3xlarge,0.7128,78.43,,,,,,,,,,cloud_essd,40
ALIBABA,alibaba-cn-hongkong,alibaba-cn-hongkong,ecs.g7.4xlarge,0.9504,78.43,,,,,,,,,,cloud_essd,40
ALIBABA,alibaba-cn-hongkong,alibaba-cn-hongkong,ecs.g7.6xlarge,1.4256,78.43,,,,,,,,,,cloud_essd,40
ALIBABA,alibaba-cn-hongkong,alibaba-cn-hongkong,ecs.g7.8xlarge,1.9008,78.43,,,,,,,,,,cloud_essd,40
ALIBABA,alibaba-cn-hongkong,alibaba-cn-hongkong,ecs.g7.16xlarge,3.8016,78.43,,,,,,,,,,cloud_essd,40
ALIBABA,alibaba-cn-shanghai,alibaba-cn-shanghai,ecs.g7.large,0.080986,78.43,,,,,,,,,,cloud_essd,40
ALIBABA,alibaba-cn-shanghai,alibaba-cn-shanghai,ecs.g7.xlarge,0.161973,78.43,,,,,,,,,,cloud_essd,40
ALIBABA,alibaba-cn-shanghai,alibaba-cn-shanghai,ecs.g7.2xlarge,0.323946,78.43,,,,,,,,,,cloud_essd,40
ALIBABA,alibaba-cn-shanghai,alibaba-cn-shanghai,ecs.g7.3xlarge,0.485919,78.43,,,,,,,,,,cloud_essd,40
ALIBABA,alibaba-cn-shanghai,alibaba-cn-shanghai,ecs.g7.4xlarge,0.647892,78.43,,,,,,,,,,cloud_essd,40
ALIBABA,alibaba-cn-shanghai,alibaba-cn-shanghai,ecs.g7.6xlarge,0.971838,78.43,,,,,,,,,,cloud_essd,40
ALIBABA,alibaba-cn-shanghai,alibaba-cn-shanghai,ecs.g7.8xlarge,1.295784,78.43,,,,,,,,,,cloud_essd,40
ALIBABA,alibaba-cn-shanghai,alibaba-cn-shanghai,ecs.g7.16xlarge,2.591568,78.43,,,,,,,,,,cloud_essd,40
ALIBABA,alibaba-cn-beijing,alibaba-cn-beijing,ecs.g7.large,0.080986,78.43,,,,,,,,,,cloud_essd,40
ALIBABA,alibaba-cn-beijing,alibaba-cn-beijing,ecs.g7.xlarge,0.161973,78.43,,,,,,,,,,cloud_essd,40
ALIBABA,alibaba-cn-beijing,alibaba-cn-beijing,ecs.g7.2xlarge,0.323946,78.43,,,,,,,,,,cloud_essd,40
ALIBABA,alibaba-cn-beijing,alibaba-cn-beijing,ecs.g7.3xlarge,0.485919,78.43,,,,,,,,,,cloud_essd,40
ALIBABA,alibaba-cn-beijing,alibaba-cn-beijing,ecs.g7.4xlarge,0.647892,78.43,,,,,,,,,,cloud_essd,40
ALIBABA,alibaba-cn-beijing,alibaba-cn-beijing,ecs.g7.6xlarge,0.971838,78.43,,,,,,,,,,cloud_essd,40
ALIBABA,alibaba-cn-beijing,alibaba-cn-beijing,ecs.g7.8xlarge,1.295784,78.43,,,,,,,,,,cloud_essd,40
ALIBABA,alibaba-cn-beijing,alibaba-cn-beijing,ecs.g7.16xlarge,2.591568,78.43,,,,,,,,,,cloud_essd,40
ALIBABA,alibaba-cn-qingdao,alibaba-cn-qingdao,ecs.g6.large,0.077387,78.43,,,,,,,,,,cloud_ssd,40
ALIBABA,alibaba-cn-qingdao,alibaba-cn-qingdao,ecs.g6.xlarge,0.154775,78.43,,,,,,,,,,cloud_essd,40
ALIBABA,alibaba-cn-qingdao,alibaba-cn-qingdao,ecs.g6.2xlarge,0.309551,78.43,,,,,,,,,,cloud_essd,40
ALIBABA,alibaba-cn-qingdao,alibaba-cn-qingdao,ecs.g6.3xlarge,0.464327,78.43,,,,,,,,,,cloud_essd,40
ALIBABA,alibaba-cn-qingdao,alibaba-cn-qingdao,ecs.g6.4xlarge,0.619103,78.43,,,,,,,,,,cloud_essd,40
ALIBABA,alibaba-cn-qingdao,alibaba-cn-qingdao,ecs.g6.6xlarge,0.928655,78.43,,,,,,,,,,cloud_essd,40
ALIBABA,alibaba-cn-qingdao,alibaba-cn-qingdao,ecs.g6.8xlarge,1.238207,78.43,,,,,,,,,,cloud_essd,40
ALIBABA,alibaba-cn-qingdao,alibaba-cn-qingdao,ecs.g6.13xlarge,2.012087,78.43,,,,,,,,,,cloud_essd,40
ALIBABA,alibaba-cn-zhangjiakou,alibaba-cn-zhangjiakou,ecs.g6.large,0.054171,78.43,,,,,,,,,,cloud_essd,40
ALIBABA,alibaba-cn-zhangjiakou,alibaba-cn-zhangjiakou,ecs.g6.xlarge,0.108343,78.43,,,,,,,,,,cloud_essd,40
ALIBABA,alibaba-cn-zhangjiakou,alibaba-cn-zhangjiakou,ecs.g6.2xlarge,0.216686,78.43,,,,,,,,,,cloud_essd,40
ALIBABA,alibaba-cn-zhangjiakou,alibaba-cn-zhangjiakou,ecs.g6.3xlarge,0.325029,78.43,,,,,,,,,,cloud_essd,40
ALIBABA,alibaba-cn-zhangjiakou,alibaba-cn-zhangjiakou,ecs.g6.4xlarge,0.433372,78.43,,,,,,,,,,cloud_essd,40
ALIBABA,alibaba-cn-zhangjiakou,alibaba-cn-zhangjiakou,ecs.g6.6xlarge,0.650058,78.43,,,,,,,,,,cloud_essd,40
ALIBABA,alibaba-cn-zhangjiakou,alibaba-cn-zhangjiakou,ecs.g6.8xlarge,0.866745,78.43,,,,,,,,,,cloud_essd,40
ALIBABA,alibaba-cn-zhangjiakou,alibaba-cn-zhangjiakou,ecs.g6.13xlarge,1.408461,78.43,,,,,,,,,,cloud_essd,40
ALIBABA,alibaba-cn-huhehaote,alibaba-cn-huhehaote,ecs.g6.large,0.069649,78.43,,,,,,,,,,cloud_essd,40
ALIBABA,alibaba-cn-huhehaote,alibaba-cn-huhehaote,ecs.g6.xlarge,0.139298,78.43,,,,,,,,,,cloud_essd,40
ALIBABA,alibaba-cn-huhehaote,alibaba-cn-huhehaote,ecs.g6.2xlarge,0.278596,78.43,,,,,,,,,,cloud_essd,40
ALIBABA,alibaba-cn-huhehaote,alibaba-cn-huhehaote,ecs.g6.3xlarge,0.417895,78.43,,,,,,,,,,cloud_essd,40
ALIBABA,alibaba-cn-huhehaote,alibaba-cn-huhehaote,ecs.g6.4xlarge,0.557193,78.43,,,,,,,,,,cloud_essd,40
ALIBABA,alibaba-cn-huhehaote,alibaba-cn-huhehaote,ecs.g6.6xlarge,0.83579,78.43,,,,,,,,,,cloud_essd,40
ALIBABA,alibaba-cn-huhehaote,alibaba-cn-huhehaote,ecs.g6.8xlarge,1.114386,78.43,,,,,,,,,,cloud_essd,40
ALIBABA,alibaba-cn-huhehaote,alibaba-cn-huhehaote,ecs.g6.13xlarge,1.810878,78.43,,,,,,,,,,cloud_essd,40
ALIBABA,alibaba-cn-hangzhou,alibaba-cn-hangzhou,ecs.g7.large,0.080986,78.43,,,,,,,,,,cloud_essd,40
ALIBABA,alibaba-cn-hangzhou,alibaba-cn-hangzhou,ecs.g7.xlarge,0.161973,78.43,,,,,,,,,,cloud_essd,40
ALIBABA,alibaba-cn-hangzhou,alibaba-cn-hangzhou,ecs.g7.2xlarge,0.323946,78.43,,,,,,,,,,cloud_essd,40
ALIBABA,alibaba-cn-hangzhou,alibaba-cn-hangzhou,ecs.g7.3xlarge,0.485919,78.43,,,,,,,,,,cloud_essd,40
ALIBABA,alibaba-cn-hangzhou,alibaba-cn-hangzhou,ecs.g7.4xlarge,0.647892,78.43,,,,,,,,,,cloud_essd,40
ALIBABA,alibaba-cn-hangzhou,alibaba-cn-hangzhou,ecs.g7.6xlarge,0.971838,78.43,,,,,,,,,,cloud_essd,40
ALIBABA,alibaba-cn-hangzhou,alibaba-cn-hangzhou,ecs.g7.8xlarge,1.295784,78.43,,,,,,,,,,cloud_essd,40
ALIBABA,alibaba-cn-hangzhou,alibaba-cn-hangzhou,ecs.g7.16xlarge,2.591568,78.43,,,,,,,,,,cloud_essd,40
ALIBABA,alibaba-cn-shenzhen,alibaba-cn-shenzhen,ecs.g7.large,0.080986,78.43,,,,,,,,,,cloud_essd,40
ALIBABA,alibaba-cn-shenzhen,alibaba-cn-shenzhen,ecs.g7.xlarge,0.161973,78.43,,,,,,,,,,cloud_essd,40
ALIBABA,alibaba-cn-shenzhen,alibaba-cn-shenzhen,ecs.g7.2xlarge,0.323946,78.43,,,,,,,,,,cloud_essd,40
ALIBABA,alibaba-cn-shenzhen,alibaba-cn-shenzhen,ecs.g7.3xlarge,0.485919,78.43,,,,,,,,,,cloud_essd,40
ALIBABA,alibaba-cn-shenzhen,alibaba-cn-shenzhen,ecs.g7.4xlarge,0.647892,78.43,,,,,,,,,,cloud_essd,40
ALIBABA,alibaba-cn-shenzhen,alibaba-cn-shenzhen,ecs.g7.6xlarge,0.971838,78.43,,,,,,,,,,cloud_essd,40
ALIBABA,alibaba-cn-shenzhen,alibaba-cn-shenzhen,ecs.g7.8xlarge,1.295784,78.43,,,,,,,,,,cloud_essd,40
ALIBABA,alibaba-cn-shenzhen,alibaba-cn-shenzhen,ecs.g7.16xlarge,2.591568,78.43,,,,,,,,,,cloud_essd,40
ALIBABA,alibaba-cn-heyuan,alibaba-cn-heyuan,ecs.g7.large,0.072086,78.43,,,,,,,,,,cloud_essd,40
ALIBABA,alibaba-cn-heyuan,alibaba-cn-heyuan,ecs.g7.xlarge,0.144173,78.43,,,,,,,,,,cloud_essd,40
ALIBABA,alibaba-cn-heyuan,alibaba-cn-heyuan,ecs.g7.2xlarge,0.288347,78.43,,,,,,,,,,cloud_essd,40
ALIBABA,alibaba-cn-heyuan,alibaba-cn-heyuan,ecs.g7.3xlarge,0.432521,78.43,,,,,,,,,,cloud_essd,40
ALIBABA,alibaba-cn-heyuan,alibaba-cn-heyuan,ecs.g7.4xlarge,0.576695,78.43,,,,,,,,,,cloud_essd,40
ALIBABA,alibaba-cn-heyuan,alibaba-cn-heyuan,ecs.g7.6xlarge,0.865042,78.43,,,,,,,,,,cloud_essd,40
ALIBABA,alibaba-cn-heyuan,alibaba-cn-heyuan,ecs.g7.8xlarge,1.15339,78.43,,,,,,,,,,cloud_essd,40
ALIBABA,alibaba-cn-heyuan,alibaba-cn-heyuan,ecs.g7.16xlarge,2.30678,78.43,,,,,,,,,,cloud_essd,40
ALIBABA,alibaba-cn-chengdu,alibaba-cn-chengdu,ecs.g6.large,0.069649,78.43,,,,,,,,,,cloud_essd,40
ALIBABA,alibaba-cn-chengdu,alibaba-cn-chengdu,ecs.g6.xlarge,0.139298,78.43,,,,,,,,,,cloud_essd,40
ALIBABA,alibaba-cn-chengdu,alibaba-cn-chengdu,ecs.g6.2xlarge,0.278596,78.43,,,,,,,,,,cloud_essd,40
ALIBABA,alibaba-cn-chengdu,alibaba-cn-chengdu,ecs.g6.3xlarge,0.417895,78.43,,,,,,,,,,cloud_essd,40
ALIBABA,alibaba-cn-chengdu,alibaba-cn-chengdu,ecs.g6.4xlarge,0.557193,78.43,,,,,,,,,,cloud_essd,40
ALIBABA,alibaba-cn-chengdu,alibaba-cn-chengdu,ecs.g6.6xlarge,0.83579,78.43,,,,,,,,,,cloud_essd,40
ALIBABA,alibaba-cn-chengdu,alibaba-cn-chengdu,ecs.g6.8xlarge,1.114386,78.43,,,,,,,,,,cloud_essd,40
ALIBABA,alibaba-cn-wulanchabu,alibaba-cn-wulanchabu,ecs.g7.large,0.072887,78.43,,,,,,,,,,cloud_essd,40
ALIBABA,alibaba-cn-wulanchabu,alibaba-cn-wulanchabu,ecs.g7.xlarge,0.145775,78.43,,,,,,,,,,cloud_essd,40
ALIBABA,alibaba-cn-wulanchabu,alibaba-cn-wulanchabu,ecs.g7.2xlarge,0.291551,78.43,,,,,,,,,,cloud_essd,40
ALIBABA,alibaba-cn-wulanchabu,alibaba-cn-wulanchabu,ecs.g7.3xlarge,0.437327,78.43,,,,,,,,,,cloud_essd,40
ALIBABA,alibaba-cn-wulanchabu,alibaba-cn-wulanchabu,ecs.g7.4xlarge,0.583102,78.43,,,,,,,,,,cloud_essd,40
ALIBABA,alibaba-cn-wulanchabu,alibaba-cn-wulanchabu,ecs.g7.6xlarge,0.874654,78.43,,,,,,,,,,cloud_essd,40
ALIBABA,alibaba-cn-wulanchabu,alibaba-cn-wulanchabu,ecs.g7.8xlarge,1.166205,78.43,,,,,,,,,,cloud_essd,40
ALIBABA,alibaba-cn-wulanchabu,alibaba-cn-wulanchabu,ecs.g7.16xlarge,2.332411,78.43,,,,,,,,,,cloud_essd,40
ALIBABA,alibaba-cn-guangzhou,alibaba-cn-guangzhou,ecs.g7a.large,0.068,78.43,,,,,,,,,,cloud_essd,40
ALIBABA,alibaba-cn-guangzhou,alibaba-cn-guangzhou,ecs.g7a.xlarge,0.136,78.43,,,,,,,,,,cloud_essd,40
ALIBABA,alibaba-cn-guangzhou,alibaba-cn-guangzhou,ecs.g7a.2xlarge,0.272,78.43,,,,,,,,,,cloud_essd,40
ALIBABA,alibaba-cn-guangzhou,alibaba-cn-guangzhou,ecs.g7a.4xlarge,0.545,78.43,,,,,,,,,,cloud_essd,40
ALIBABA,alibaba-cn-guangzhou,alibaba-cn-guangzhou,ecs.g7a.8xlarge,1.09,78.43,,,,,,,,,,cloud_essd,40
ALIBABA,alibaba-cn-guangzhou,alibaba-cn-guangzhou,ecs.g7a.16xlarge,2.179,78.43,,,,,,,,,,cloud_essd,40
AWS,aws-af-south-1,aws-af-south-1,t3.micro,0.0136,34.18,,,,,,,,,,default,default
AWS,aws-af-south-1,aws-af-south-1,t3.small,0.0271,34.18,,,,,,,,,,default,default
AWS,aws-af-south-1,aws-af-south-1,t3.medium,0.0542,34.18,,,,,,,,,,default,default
AWS,aws-af-south-1,aws-af-south-1,t3.large,0.1085,34.18,,,,,,,,,,default,default
AWS,aws-af-south-1,aws-af-south-1,t3.xlarge,0.217,34.18,,,,,,,,,,default,default
AWS,aws-af-south-1,aws-af-south-1,t3.2xlarge,0.4339,34.18,,,,,,,,,,default,default
AWS,aws-ap-east-1,aws-ap-east-1,t3.micro,0.0146,34.18,,,,,,,,,,default,default
AWS,aws-ap-east-1,aws-ap-east-1,t3.small,0.0292,34.18,,,,,,,,,,default,default
AWS,aws-ap-east-1,aws-ap-east-1,t3.medium,0.0584,34.18,,,,,,,,,,default,default
AWS,aws-ap-east-1,aws-ap-east-1,t3.large,0.1168,34.18,,,,,,,,,,default,default
AWS,aws-ap-east-1,aws-ap-east-1,t3.xlarge,0.2336,34.18,,,,,,,,,,default,default
AWS,aws-ap-east-1,aws-ap-east-1,t3.2xlarge,0.4672,34.18,,,,,,,,,,default,default
AWS,aws-ap-northeast-1,aws-ap-northeast-1,t2.micro,0.0152,64.93,,,,,,,,,,default,default
AWS,aws-ap-northeast-1,aws-ap-northeast-1,t2.small,0.0304,34.18,,,,,,,,,,default,default
AWS,aws-ap-northeast-1,aws-ap-northeast-1,t2.medium,0.0608,34.18,,,,,,,,,,default,default
AWS,aws-ap-northeast-1,aws-ap-northeast-1,t2.large,0.1216,34.18,,,,,,,,,,default,default
AWS,aws-ap-northeast-1,aws-ap-northeast-1,t2.xlarge,0.2432,34.18,,,,,,,,,,default,default
AWS,aws-ap-northeast-1,aws-ap-northeast-1,t2.2xlarge,0.4864,34.18,,,,,,,,,,default,default
AWS,aws-ap-northeast-2,aws-ap-northeast-2,z1d.xlarge,0.45,89.3,,,,,,,,,,default,default
AWS,aws-ap-northeast-2,aws-ap-northeast-2,z1d.large,0.225,82.55,,,,,,,,,,default,default
AWS,aws-ap-northeast-2,aws-ap-northeast-2,z1d.2xlarge,0.9,87.45,,,,,,,,,,default,default
AWS,aws-ap-northeast-2,aws-ap-northeast-2,x1e.xlarge,1.209,88.45,,,,,,,,,,default,default
AWS,aws-ap-northeast-2,aws-ap-northeast-2,x1e.8xlarge,9.672,82.24,,,,,,,,,,default,default
AWS,aws-ap-northeast-2,aws-ap-northeast-2,x1e.4xlarge,4.836,91.3,,,,,,,,,,default,default
AWS,aws-ap-northeast-2,aws-ap-northeast-2,x1e.2xlarge,2.418,81.24,,,,,,,,,,default,default
AWS,aws-ap-northeast-2,aws-ap-northeast-2,t3a.xlarge,0.1872,69.87,,,,,,,,,,default,default
AWS,aws-ap-northeast-2,aws-ap-northeast-2,t3a.small,0.0234,57.57,,,,,,,,,,default,default
AWS,aws-ap-northeast-2,aws-ap-northeast-2,t3a.nano,0.0059,40.93,,,,,,,,,,default,default
AWS,aws-ap-northeast-2,aws-ap-northeast-2,t3a.micro,0.0117,34.18,,,,,,,,,,default,default
AWS,aws-ap-northeast-2,aws-ap-northeast-2,t3a.medium,0.0468,62.57,,,,,,,,,,default,default
AWS,aws-ap-northeast-2,aws-ap-northeast-2,t3a.large,0.0936,77.43,,,,,,,,,,default,default
AWS,aws-ap-northeast-2,aws-ap-northeast-2,t3a.2xlarge,0.3744,75.74,,,,,,,,,,default,default
AWS,aws-ap-northeast-2,aws-ap-northeast-2,t3.xlarge,0.208,73.74,,,,,,,,,,default,default
AWS,aws-ap-northeast-2,aws-ap-northeast-2,t3.small,0.026,58.57,,,,,,,,,,default,default
AWS,aws-ap-northeast-2,aws-ap-northeast-2,t3.nano,0.0065,41.93,,,,,,,,,,default,default
AWS,aws-ap-northeast-2,aws-ap-northeast-2,t3.micro,0.013,34.18,,,,,,,,,,default,default
AWS,aws-ap-northeast-2,aws-ap-northeast-2,t3.medium,0.052,55.93,,,,,,,,,,default,default
AWS,aws-ap-northeast-2,aws-ap-northeast-2,t3.large,0.104,70.74,,,,,,,,,,default,default
AWS,aws-ap-northeast-2,aws-ap-northeast-2,t3.2xlarge,0.416,78.52,,,,,,,,,,default,default
AWS,aws-ap-northeast-2,aws-ap-northeast-2,t2.xlarge,0.2304,66.57,,,,,,,,,,default,default
AWS,aws-ap-northeast-2,aws-ap-northeast-2,t2.small,0.0288,59.57,,,,,,,,,,default,default
AWS,aws-ap-northeast-2,aws-ap-northeast-2,t2.nano,0.0072,32.93,,,,,,,,,,default,default
AWS,aws-ap-northeast-2,aws-ap-northeast-2,t2.micro,0.0144,34.18,,,,,,,,,,default,default
AWS,aws-ap-northeast-2,aws-ap-northeast-2,t2.medium,0.0576,56.93,,,,,,,,,,default,default
AWS,aws-ap-northeast-2,aws-ap-northeast-2,t2.large,0.1152,79.24,,,,,,,,,,default,default
AWS,aws-ap-northeast-2,aws-ap-northeast-2,t2.2xlarge,0.4608,85.74,,,,,,,,,,default,default
AWS,aws-ap-northeast-2,aws-ap-northeast-2,r5n.xlarge,0.356,64.33,,,,,,,,,,default,default
AWS,aws-ap-northeast-2,aws-ap-northeast-2,r5n.large,0.178,80.3,,,,,,,,,,default,default
AWS,aws-ap-northeast-2,aws-ap-northeast-2,r5n.8xlarge,2.848,85.52,,,,,,,,,,default,default
AWS,aws-ap-northeast-2,aws-ap-northeast-2,r5n.4xlarge,1.424,80.24,,,,,,,,,,default,default
AWS,aws-ap-northeast-2,aws-ap-northeast-2,r5n.2xlarge,0.712,71.57,,,,,,,,,,default,default
AWS,aws-ap-northeast-2,aws-ap-northeast-2,r5d.xlarge,0.346,82.43,,,,,,,,,,default,default
AWS,aws-ap-northeast-2,aws-ap-northeast-2,r5d.large,0.173,65.57,,,,,,,,,,default,default
AWS,aws-ap-northeast-2,aws-ap-northeast-2,r5d.8xlarge,2.768,83.74,,,,,,,,,,default,default
AWS,aws-ap-northeast-2,aws-ap-northeast-2,r5d.4xlarge,1.384,74.57,,,,,,,,,,default,default
AWS,aws-ap-northeast-2,aws-ap-northeast-2,r5d.2xlarge,0.692,67.93,,,,,,,,,,default,default
AWS,aws-ap-northeast-2,aws-ap-northeast-2,r5ad.xlarge,0.316,67.57,,,,,,,,,,default,default
AWS,aws-ap-northeast-2,aws-ap-northeast-2,r5ad.large,0.158,60.98,,,,,,,,,,default,default
AWS,aws-ap-northeast-2,aws-ap-northeast-2,r5ad.8xlarge,2.528,90.43,,,,,,,,,,default,default
AWS,aws-ap-northeast-2,aws-ap-northeast-2,r5ad.4xlarge,1.264,83.52,,,,,,,,,,default,default
AWS,aws-ap-northeast-2,aws-ap-northeast-2,r5ad.2xlarge,0.632,78.74,,,,,,,,,,default,default
AWS,aws-ap-northeast-2,aws-ap-northeast-2,r5a.xlarge,0.272,74.74,,,,,,,,,,default,default
AWS,aws-ap-northeast-2,aws-ap-northeast-2,r5a.large,0.136,70.24,,,,,,,,,,default,default
AWS,aws-ap-northeast-2,aws-ap-northeast-2,r5a.8xlarge,2.176,75.57,,,,,,,,,,default,default
AWS,aws-ap-northeast-2,aws-ap-northeast-2,r5a.4xlarge,1.088,88.43,,,,,,,,,,default,default
AWS,aws-ap-northeast-2,aws-ap-northeast-2,r5a.2xlarge,0.544,83.45,,,,,,,,,,default,default
AWS,aws-ap-northeast-2,aws-ap-northeast-2,r5.xlarge,0.304,83.55,,,,,,,,,,default,default
AWS,aws-ap-northeast-2,aws-ap-northeast-2,r5.large,0.152,79.45,,,,,,,,,,default,default
AWS,aws-ap-northeast-2,aws-ap-northeast-2,r5.8xlarge,2.432,79.87,,,,,,,,,,default,default
AWS,aws-ap-northeast-2,aws-ap-northeast-2,r5.4xlarge,1.216,81.74,,,,,,,,,,default,default
AWS,aws-ap-northeast-2,aws-ap-northeast-2,r5.2xlarge,0.608,77.74,,,,,,,,,,default,default
AWS,aws-ap-northeast-2,aws-ap-northeast-2,r4.xlarge,0.32,82.3,,,,,,,,,,default,default
AWS,aws-ap-northeast-2,aws-ap-northeast-2,r4.large,0.16,74.52,,,,,,,,,,default,default
AWS,aws-ap-northeast-2,aws-ap-northeast-2,r4.8xlarge,2.56,72.33,,,,,,,,,,default,default
AWS,aws-ap-northeast-2,aws-ap-northeast-2,r4.4xlarge,1.28,90.55,,,,,,,,,,default,default
AWS,aws-ap-northeast-2,aws-ap-northeast-2,r4.2xlarge,0.64,66.98,,,,,,,,,,default,default
AWS,aws-ap-northeast-2,aws-ap-northeast-2,p3.8xlarge,16.936,91.43,,,,,,,,,,default,default
AWS,aws-ap-northeast-2,aws-ap-northeast-2,p3.2xlarge,4.234,76.57,,,,,,,,,,default,default
AWS,aws-ap-northeast-2,aws-ap-northeast-2,p2.xlarge,1.465,89.43,,,,,,,,,,default,default
AWS,aws-ap-northeast-2,aws-ap-northeast-2,p2.8xlarge,11.72,80.87,,,,,,,,,,default,default
AWS,aws-ap-northeast-2,aws-ap-northeast-2,m5zn.xlarge,0.406,84.55,,,,,,,,,,default,default
AWS,aws-ap-northeast-2,aws-ap-northeast-2,m5zn.large,0.203,72.45,,,,,,,,,,default,default
AWS,aws-ap-northeast-2,aws-ap-northeast-2,m5zn.2xlarge,0.812,68.33,,,,,,,,,,default,default
AWS,aws-ap-northeast-2,aws-ap-northeast-2,m5d.xlarge,0.278,62.98,,,,,,,,,,default,default
AWS,aws-ap-northeast-2,aws-ap-northeast-2,m5d.large,0.139,79.43,,,,,,,,,,default,default
AWS,aws-ap-northeast-2,aws-ap-northeast-2,m5d.8xlarge,2.224,90.3,,,,,,,,,,default,default
AWS,aws-ap-northeast-2,aws-ap-northeast-2,m5d.4xlarge,1.112,70.33,,,,,,,,,,default,default
AWS,aws-ap-northeast-2,aws-ap-northeast-2,m5d.2xlarge,0.556,76.74,,,,,,,,,,default,default
AWS,aws-ap-northeast-2,aws-ap-northeast-2,m5ad.xlarge,0.254,63.33,,,,,,,,,,default,default
AWS,aws-ap-northeast-2,aws-ap-northeast-2,m5ad.large,0.127,64.57,,,,,,,,,,default,default
AWS,aws-ap-northeast-2,aws-ap-northeast-2,m5ad.8xlarge,2.032,71.93,,,,,,,,,,default,default
AWS,aws-ap-northeast-2,aws-ap-northeast-2,m5ad.4xlarge,1.016,79.24,,,,,,,,,,default,default
AWS,aws-ap-northeast-2,aws-ap-northeast-2,m5ad.2xlarge,0.508,62.98,,,,,,,,,,default,default
AWS,aws-ap-northeast-2,aws-ap-northeast-2,m5a.xlarge,0.212,61.98,,,,,,,,,,default,default
AWS,aws-ap-northeast-2,aws-ap-northeast-2,m5a.large,0.106,79.55,,,,,,,,,,default,default
AWS,aws-ap-northeast-2,aws-ap-northeast-2,m5a.8xlarge,1.696,70.98,,,,,,,,,,default,default
AWS,aws-ap-northeast-2,aws-ap-northeast-2,m5a.4xlarge,0.848,79.74,,,,,,,,,,default,default
AWS,aws-ap-northeast-2,aws-ap-northeast-2,m5a.2xlarge,0.424,85.45,,,,,,,,,,default,default
AWS,aws-ap-northeast-2,aws-ap-northeast-2,m5.xlarge,0.236,81.3,,,,,,,,,,default,default
AWS,aws-ap-northeast-2,aws-ap-northeast-2,m5.large,0.118,78.43,,,,,,,,,,default,default
AWS,aws-ap-northeast-2,aws-ap-northeast-2,m5.8xlarge,1.888,84.52,,,,,,,,,,default,default
AWS,aws-ap-northeast-2,aws-ap-northeast-2,m5.4xlarge,0.944,89.55,,,,,,,,,,default,default
AWS,aws-ap-northeast-2,aws-ap-northeast-2,m5.2xlarge,0.472,86.24,,,,,,,,,,default,default
AWS,aws-ap-northeast-2,aws-ap-northeast-2,m4.xlarge,0.246,81.43,,,,,,,,,,default,default
AWS,aws-ap-northeast-2,aws-ap-northeast-2,m4.large,0.123,58.52,,,,,,,,,,default,default
AWS,aws-ap-northeast-2,aws-ap-northeast-2,m4.4xlarge,0.984,88.3,,,,,,,,,,default,default
AWS,aws-ap-northeast-2,aws-ap-northeast-2,m4.2xlarge,0.492,65.57,,,,,,,,,,default,default
AWS,aws-ap-northeast-2,aws-ap-northeast-2,inf1.xlarge,0.281,76.52,,,,,,,,,,default,default
AWS,aws-ap-northeast-2,aws-ap-northeast-2,inf1.2xlarge,0.446,74.57,,,,,,,,,,default,default
AWS,aws-ap-northeast-2,aws-ap-northeast-2,i3en.xlarge,0.532,65.33,,,,,,,,,,default,default
AWS,aws-ap-northeast-2,aws-ap-northeast-2,i3en.large,0.266,81.45,,,,,,,,,,default,default
AWS,aws-ap-northeast-2,aws-ap-northeast-2,i3en.2xlarge,1.064,77.87,,,,,,,,,,default,default
AWS,aws-ap-northeast-2,aws-ap-northeast-2,i3.xlarge,0.366,82.45,,,,,,,,,,default,default
AWS,aws-ap-northeast-2,aws-ap-northeast-2,i3.large,0.183,71.24,,,,,,,,,,default,default
AWS,aws-ap-northeast-2,aws-ap-northeast-2,i3.8xlarge,2.928,92.55,,,,,,,,,,default,default
AWS,aws-ap-northeast-2,aws-ap-northeast-2,i3.4xlarge,1.464,78.87,,,,,,,,,,default,default
AWS,aws-ap-northeast-2,aws-ap-northeast-2,i3.2xlarge,0.732,86.3,,,,,,,,,,default,default
AWS,aws-ap-northeast-2,aws-ap-northeast-2,g4dn.xlarge,0.647,80.52,,,,,,,,,,default,default
AWS,aws-ap-northeast-2,aws-ap-northeast-2,g4dn.8xlarge,2.677,90.45,,,,,,,,,,default,default
AWS,aws-ap-northeast-2,aws-ap-northeast-2,g4dn.4xlarge,1.481,71.33,,,,,,,,,,default,default
AWS,aws-ap-northeast-2,aws-ap-northeast-2,g4dn.2xlarge,0.925,68.98,,,,,,,,,,default,default
AWS,aws-ap-northeast-2,aws-ap-northeast-2,g3s.xlarge,0.934,82.52,,,,,,,,,,default,default
AWS,aws-ap-northeast-2,aws-ap-northeast-2,g3.8xlarge,2.84,71.98,,,,,,,,,,default,default
AWS,aws-ap-northeast-2,aws-ap-northeast-2,g3.4xlarge,1.42,89.3,,,,,,,,,,default,default
AWS,aws-ap-northeast-2,aws-ap-northeast-2,d2.xlarge,0.844,86.45,,,,,,,,,,default,default
AWS,aws-ap-northeast-2,aws-ap-northeast-2,d2.4xlarge,3.376,72.93,,,,,,,,,,default,default
AWS,aws-ap-northeast-2,aws-ap-northeast-2,d2.2xlarge,1.688,82.74,,,,,,,,,,default,default
AWS,aws-ap-northeast-2,aws-ap-northeast-2,c5n.xlarge,0.244,72.24,,,,,,,,,,default,default
AWS,aws-ap-northeast-2,aws-ap-northeast-2,c5n.large,0.122,59.98,,,,,,,,,,default,default
AWS,aws-ap-northeast-2,aws-ap-northeast-2,c5n.4xlarge,0.976,73.57,,,,,,,,,,default,default
AWS,aws-ap-northeast-2,aws-ap-northeast-2,c5n.2xlarge,0.488,67.87,,,,,,,,,,default,default
AWS,aws-ap-northeast-2,aws-ap-northeast-2,c5d.xlarge,0.22,75.52,,,,,,,,,,default,default
AWS,aws-ap-northeast-2,aws-ap-northeast-2,c5d.large,0.11,63.57,,,,,,,,,,default,default
AWS,aws-ap-northeast-2,aws-ap-northeast-2,c5d.4xlarge,0.88,67.98,,,,,,,,,,default,default
AWS,aws-ap-northeast-2,aws-ap-northeast-2,c5d.2xlarge,0.44,76.87,,,,,,,,,,default,default
AWS,aws-ap-northeast-2,aws-ap-northeast-2,c5a.xlarge,0.172,61.93,,,,,,,,,,default,default
AWS,aws-ap-northeast-2,aws-ap-northeast-2,c5a.large,0.086,66.87,,,,,,,,,,default,default
AWS,aws-ap-northeast-2,aws-ap-northeast-2,c5a.8xlarge,1.376,70.93,,,,,,,,,,default,default
AWS,aws-ap-northeast-2,aws-ap-northeast-2,c5a.4xlarge,0.688,87.55,,,,,,,,,,default,default
AWS,aws-ap-northeast-2,aws-ap-northeast-2,c5a.2xlarge,0.344,71.87,,,,,,,,,,default,default
AWS,aws-ap-northeast-2,aws-ap-northeast-2,c5.xlarge,0.192,62.33,,,,,,,,,,default,default
AWS,aws-ap-northeast-2,aws-ap-northeast-2,c5.large,0.096,77.45,,,,,,,,,,default,default
AWS,aws-ap-northeast-2,aws-ap-northeast-2,c5.4xlarge,0.768,75.87,,,,,,,,,,default,default
AWS,aws-ap-northeast-2,aws-ap-northeast-2,c5.2xlarge,0.384,77.52,,,,,,,,,,default,default
AWS,aws-ap-northeast-2,aws-ap-northeast-2,c4.xlarge,0.227,62.93,,,,,,,,,,default,default
AWS,aws-ap-northeast-2,aws-ap-northeast-2,c4.large,0.114,78.3,,,,,,,,,,default,default
AWS,aws-ap-northeast-2,aws-ap-northeast-2,c4.4xlarge,0.907,80.74,,,,,,,,,,default,default
AWS,aws-ap-northeast-2,aws-ap-northeast-2,c4.2xlarge,0.454,92.55,,,,,,,,,,default,default
AWS,aws-ap-northeast-3,aws-ap-northeast-3,t2.micro,0.0152,86.43,,,,,,,,,,default,default
AWS,aws-ap-northeast-3,aws-ap-northeast-3,t2.small,0.0304,34.18,,,,,,,,,,default,default
AWS,aws-ap-northeast-3,aws-ap-northeast-3,t2.medium,0.0608,34.18,,,,,,,,,,default,default
AWS,aws-ap-northeast-3,aws-ap-northeast-3,t2.large,0.1216,34.18,,,,,,,,,,default,default
AWS,aws-ap-northeast-3,aws-ap-northeast-3,t2.xlarge,0.2432,34.18,,,,,,,,,,default,default
AWS,aws-ap-northeast-3,aws-ap-northeast-3,t2.2xlarge,0.4864,34.18,,,,,,,,,,default,default
AWS,aws-ap-south-1,aws-ap-south-1,t2.micro,0.0124,33.44,,,,,,,,,,default,default
AWS,aws-ap-south-1,aws-ap-south-1,t2.small,0.0248,34.18,,,,,,,,,,default,default
AWS,aws-ap-south-1,aws-ap-south-1,t2.medium,0.0496,34.18,,,,,,,,,,default,default
AWS,aws-ap-south-1,aws-ap-south-1,t2.large,0.0992,34.18,,,,,,,,,,default,default
AWS,aws-ap-south-1,aws-ap-south-1,t2.xlarge,0.1984,34.18,,,,,,,,,,default,default
AWS,aws-ap-south-1,aws-ap-south-1,t2.2xlarge,0.3968,34.18,,,,,,,,,,default,default
AWS,aws-ap-southeast-1,aws-ap-southeast-1,t3.large,0.1056,72.52,,,,,,,,,,default,default
AWS,aws-ap-southeast-1,aws-ap-southeast-1,t3.xlarge,0.2112,72.52,,,,,,,,,,default,default
AWS,aws-ap-southeast-1,aws-ap-southeast-1,t3a.xlarge,0.1888,71.22,,,,,,,,,,default,default
AWS,aws-ap-southeast-1,aws-ap-southeast-1,t2.micro,0.0146,88.3,,,,,,,,,,default,default
AWS,aws-ap-southeast-1,aws-ap-southeast-1,t2.large,0.1168,77.45,,,,,,,,,,default,default
AWS,aws-ap-southeast-1,aws-ap-southeast-1,m4.large,0.125,59.33,,,,,,,,,,default,default
AWS,aws-ap-southeast-2,aws-ap-southeast-2,t2.micro,0.0146,72.98,,,,,,,,,,default,default
AWS,aws-ap-southeast-2,aws-ap-southeast-2,t2.small,0.0292,34.18,,,,,,,,,,default,default
AWS,aws-ap-southeast-2,aws-ap-southeast-2,t2.medium,0.0584,34.18,,,,,,,,,,default,default
AWS,aws-ap-southeast-2,aws-ap-southeast-2,t2.large,0.1168,34.18,,,,,,,,,,default,default
AWS,aws-ap-southeast-2,aws-ap-southeast-2,t2.xlarge,0.2336,34.18,,,,,,,,,,default,default
AWS,aws-ap-southeast-2,aws-ap-southeast-2,t2.2xlarge,0.4672,34.18,,,,,,,,,,default,default
AWS,aws-ca-central-1,aws-ca-central-1,t2.micro,0.0128,37.74,,,,,,,,,,default,default
AWS,aws-ca-central-1,aws-ca-central-1,t2.small,0.0256,34.18,,,,,,,,,,default,default
AWS,aws-ca-central-1,aws-ca-central-1,t2.medium,0.0512,34.18,,,,,,,,,,default,default
AWS,aws-ca-central-1,aws-ca-central-1,t2.large,0.1024,34.18,,,,,,,,,,default,default
AWS,aws-ca-central-1,aws-ca-central-1,t2.xlarge,0.2048,34.18,,,,,,,,,,default,default
AWS,aws-ca-central-1,aws-ca-central-1,t2.2xlarge,0.4096,34.18,,,,,,,,,,default,default
AWS,aws-eu-central-1,aws-eu-central-1,t2.micro,0.0134,33.12,,,,,,,,,,default,default
AWS,aws-eu-central-1,aws-eu-central-1,t2.small,0.0268,34.18,,,,,,,,,,default,default
AWS,aws-eu-central-1,aws-eu-central-1,t2.medium,0.0536,34.18,,,,,,,,,,default,default
AWS,aws-eu-central-1,aws-eu-central-1,t2.large,0.1072,34.18,,,,,,,,,,default,default
AWS,aws-eu-central-1,aws-eu-central-1,t2.xlarge,0.214,34.18,,,,,,,,,,default,default
AWS,aws-eu-central-1,aws-eu-central-1,t2.2xlarge,0.4288,34.18,,,,,,,,,,default,default
AWS,aws-eu-north-1,aws-eu-north-1,t3.micro,0.0108,34.18,,,,,,,,,,default,default
AWS,aws-eu-north-1,aws-eu-north-1,t3.small,0.0216,34.18,,,,,,,,,,default,default
AWS,aws-eu-north-1,aws-eu-north-1,t3.medium,0.0432,34.18,,,,,,,,,,default,default
AWS,aws-eu-north-1,aws-eu-north-1,t3.large,0.0864,34.18,,,,,,,,,,default,default
AWS,aws-eu-north-1,aws-eu-north-1,t3.xlarge,0.1728,34.18,,,,,,,,,,default,default
AWS,aws-eu-north-1,aws-eu-north-1,t3.2xlarge,0.3456,34.18,,,,,,,,,,default,default
AWS,aws-eu-south-1,aws-eu-south-1,t3.micro,0.012,34.18,,,,,,,,,,default,default
AWS,aws-eu-south-1,aws-eu-south-1,t3.small,0.024,34.18,,,,,,,,,,default,default
AWS,aws-eu-south-1,aws-eu-south-1,t3.medium,0.0479,34.18,,,,,,,,,,default,default
AWS,aws-eu-south-1,aws-eu-south-1,t3.large,0.0958,34.18,,,,,,,,,,default,default
AWS,aws-eu-south-1,aws-eu-south-1,t3.xlarge,0.1917,34.18,,,,,,,,,,default,default
AWS,aws-eu-south-1,aws-eu-south-1,t3.2xlarge,0.3834,34.18,,,,,,,,,,default,default
AWS,aws-eu-west-1,aws-eu-west-1,t2.micro,0.0126,38.33,,,,,,,,,,default,default
AWS,aws-eu-west-1,aws-eu-west-1,t2.small,0.025,34.18,,,,,,,,,,default,default
AWS,aws-eu-west-1,aws-eu-west-1,t2.medium,0.05,34.18,,,,,,,,,,default,default
AWS,aws-eu-west-1,aws-eu-west-1,t2.large,0.1008,34.18,,,,,,,,,,default,default
AWS,aws-eu-west-1,aws-eu-west-1,t2.xlarge,0.2016,34.18,,,,,,,,,,default,default
AWS,aws-eu-west-1,aws-eu-west-1,t2.2xlarge,0.4032,34.18,,,,,,,,,,default,default
AWS,aws-eu-west-2,aws-eu-west-2,t2.micro,0.0132,32.55,,,,,,,,,,default,default
AWS,aws-eu-west-2,aws-eu-west-2,t2.small,0.026,34.18,,,,,,,,,,default,default
AWS,aws-eu-west-2,aws-eu-west-2,t2.medium,0.052,34.18,,,,,,,,,,default,default
AWS,aws-eu-west-2,aws-eu-west-2,t2.large,0.1056,34.18,,,,,,,,,,default,default
AWS,aws-eu-west-2,aws-eu-west-2,t2.xlarge,0.2112,34.18,,,,,,,,,,default,default
AWS,aws-eu-west-2,aws-eu-west-2,t2.2xlarge,0.4224,34.18,,,,,,,,,,default,default
AWS,aws-eu-west-3,aws-eu-west-3,t2.micro,0.0132,37.3,,,,,,,,,,default,default
AWS,aws-eu-west-3,aws-eu-west-3,t2.small,0.0264,34.18,,,,,,,,,,default,default
AWS,aws-eu-west-3,aws-eu-west-3,t2.medium,0.0528,34.18,,,,,,,,,,default,default
AWS,aws-eu-west-3,aws-eu-west-3,t2.large,0.1056,34.18,,,,,,,,,,default,default
AWS,aws-eu-west-3,aws-eu-west-3,t2.xlarge,0.2112,34.18,,,,,,,,,,default,default
AWS,aws-eu-west-3,aws-eu-west-3,t2.2xlarge,0.4224,34.18,,,,,,,,,,default,default
AWS,aws-me-south-1,aws-me-south-1,t3.micro,0.0125,34.18,,,,,,,,,,default,default
AWS,aws-me-south-1,aws-me-south-1,t3.small,0.0251,34.18,,,,,,,,,,default,default
AWS,aws-me-south-1,aws-me-south-1,t3.medium,0.0502,34.18,,,,,,,,,,default,default
AWS,aws-me-south-1,aws-me-south-1,t3.large,0.1003,34.18,,,,,,,,,,default,default
AWS,aws-me-south-1,aws-me-south-1,t3.xlarge,0.2006,34.18,,,,,,,,,,default,default
AWS,aws-me-south-1,aws-me-south-1,t3.2xlarge,0.4013,34.18,,,,,,,,,,default,default
AWS,aws-sa-east-1,aws-sa-east-1,t2.micro,0.0186,33.43,,,,,,,,,,default,default
AWS,aws-sa-east-1,aws-sa-east-1,t2.small,0.0372,34.18,,,,,,,,,,default,default
AWS,aws-sa-east-1,aws-sa-east-1,t2.medium,0.0744,34.18,,,,,,,,,,default,default
AWS,aws-sa-east-1,aws-sa-east-1,t2.large,0.1488,34.18,,,,,,,,,,default,default
AWS,aws-sa-east-1,aws-sa-east-1,t2.xlarge,0.2976,34.18,,,,,,,,,,default,default
AWS,aws-sa-east-1,aws-sa-east-1,t2.2xlarge,0.5952,34.18,,,,,,,,,,default,default
AWS,aws-us-east-1,aws-us-east-1,t2.micro,0.0116,68.33,,,,,,,,,,default,default
AWS,aws-us-east-1,aws-us-east-1,t2.small,0.023,34.18,,,,,,,,,,default,default
AWS,aws-us-east-1,aws-us-east-1,t2.medium,0.0464,34.18,,,,,,,,,,default,default
AWS,aws-us-east-1,aws-us-east-1,t2.large,0.0928,34.18,,,,,,,,,,default,default
AWS,aws-us-east-1,aws-us-east-1,t2.xlarge,0.1856,34.18,,,,,,,,,,default,default
AWS,aws-us-east-1,aws-us-east-1,t2.2xlarge,0.3712,34.18,,,,,,,,,,default,default
AWS,aws-us-east-2,aws-us-east-2,t2.micro,0.0116,75.57,,,,,,,,,,default,default
AWS,aws-us-east-2,aws-us-east-2,t2.small,0.023,34.18,,,,,,,,,,default,default
AWS,aws-us-east-2,aws-us-east-2,t2.medium,0.0464,34.18,,,,,,,,,,default,default
AWS,aws-us-east-2,aws-us-east-2,t2.large,0.0928,34.18,,,,,,,,,,default,default
AWS,aws-us-east-2,aws-us-east-2,t2.xlarge,0.1856,34.18,,,,,,,,,,default,default
AWS,aws-us-east-2,aws-us-east-2,t2.2xlarge,0.3712,34.18,,,,,,,,,,default,default
AWS,aws-us-west-1,aws-us-west-1,t2.micro,0.0138,36.52,,,,,,,,,,default,default
AWS,aws-us-west-1,aws-us-west-1,t2.small,0.0276,34.18,,,,,,,,,,default,default
AWS,aws-us-west-1,aws-us-west-1,t2.medium,0.0552,34.18,,,,,,,,,,default,default
AWS,aws-us-west-1,aws-us-west-1,t2.large,0.1104,34.18,,,,,,,,,,default,default
AWS,aws-us-west-1,aws-us-west-1,t2.xlarge,0.2208,34.18,,,,,,,,,,default,default
AWS,aws-us-west-1,aws-us-west-1,t2.2xlarge,0.4416,34.18,,,,,,,,,,default,default
AWS,aws-us-west-2,aws-us-west-2,t2.micro,0.0116,32.42,,,,,,,,,,default,default
AWS,aws-us-west-2,aws-us-west-2,t2.small,0.023,34.18,,,,,,,,,,default,default
AWS,aws-us-west-2,aws-us-west-2,t2.medium,0.0464,34.18,,,,,,,,,,default,default
AWS,aws-us-west-2,aws-us-west-2,t2.large,0.0928,34.18,,,,,,,,,,default,default
AWS,aws-us-west-2,aws-us-west-2,t2.xlarge,0.1856,34.18,,,,,,,,,,default,default
AWS,aws-us-west-2,aws-us-west-2,t2.2xlarge,0.3712,34.18,,,,,,,,,,default,default
azure,azure-australiacentral,azure-australiacentral,Standard_B1s,0.0132,33.85,,,,,,,,,,default,default
azure,azure-australiacentral,azure-australiacentral,Standard_B1ms,0.0264,33.85,,,,,,,,,,default,default
azure,azure-australiacentral,azure-australiacentral,Standard_B2s,0.0528,33.85,,,,,,,,,,default,default
azure,azure-australiacentral,azure-australiacentral,Standard_B2ms,0.1060,33.85,,,,,,,,,,default,default
azure,azure-australiacentral,azure-australiacentral,Standard_B4ms,0.2110,33.85,,,,,,,,,,default,default
azure,azure-australiacentral,azure-australiacentral,Standard_B8ms,0.4220,33.85,,,,,,,,,,default,default
azure,azure-australiacentral,azure-australiacentral,Standard_A1_v2,0.05,34.73,,,,,,,,,,StandardSSD,default
azure,azure-australiaeast,azure-australiaeast,Standard_B1s,0.0132,34.62,,,,,,,,,,default,default
azure,azure-australiaeast,azure-australiaeast,Standard_B1ms,0.0264,33.85,,,,,,,,,,default,default
azure,azure-australiaeast,azure-australiaeast,Standard_B2s,0.0528,33.85,,,,,,,,,,default,default
azure,azure-australiaeast,azure-australiaeast,Standard_B2ms,0.1060,33.85,,,,,,,,,,default,default
azure,azure-australiaeast,azure-australiaeast,Standard_B4ms,0.2110,33.85,,,,,,,,,,default,default
azure,azure-australiaeast,azure-australiaeast,Standard_B8ms,0.4220,33.85,,,,,,,,,,default,default
azure,azure-australiaeast,azure-australiaeast,Standard_A1_v2,0.05,34.18,,,,,,,,,,StandardSSD,default
azure,azure-australiasoutheast,azure-australiasoutheast,Standard_B1s,0.0132,34.07,,,,,,,,,,default,default
azure,azure-australiasoutheast,azure-australiasoutheast,Standard_B1ms,0.0264,33.85,,,,,,,,,,default,default
azure,azure-australiasoutheast,azure-australiasoutheast,Standard_B2s,0.0528,33.85,,,,,,,,,,default,default
azure,azure-australiasoutheast,azure-australiasoutheast,Standard_B2ms,0.1060,33.85,,,,,,,,,,default,default
azure,azure-australiasoutheast,azure-australiasoutheast,Standard_B4ms,0.2110,33.85,,,,,,,,,,default,default
azure,azure-australiasoutheast,azure-australiasoutheast,Standard_B8ms,0.4230,33.85,,,,,,,,,,default,default
azure,azure-australiasoutheast,azure-australiasoutheast,Standard_A1_v2,0.05,33.96,,,,,,,,,,StandardSSD,default
azure,azure-brazilsouth,azure-brazilsouth,Standard_B1s,0.0168,33.3,,,,,,,,,,default,default
azure,azure-brazilsouth,azure-brazilsouth,Standard_B1ms,0.0336,33.85,,,,,,,,,,default,default
azure,azure-brazilsouth,azure-brazilsouth,Standard_B2s,0.0672,33.85,,,,,,,,,,default,default
azure,azure-brazilsouth,azure-brazilsouth,Standard_B2ms,0.1340,33.85,,,,,,,,,,default,default
azure,azure-brazilsouth,azure-brazilsouth,Standard_B4ms,0.2690,33.85,,,,,,,,,,default,default
azure,azure-brazilsouth,azure-brazilsouth,Standard_B8ms,0.5380,33.85,,,,,,,,,,default,default
azure,azure-brazilsouth,azure-brazilsouth,Standard_A1_v2,0.061,33.96,,,,,,,,,,StandardSSD,default
azure,azure-canadacentral,azure-canadacentral,Standard_B1s,0.0116,34.4,,,,,,,,,,default,default
azure,azure-canadacentral,azure-canadacentral,Standard_B1ms,0.0230,33.85,,,,,,,,,,default,default
azure,azure-canadacentral,azure-canadacentral,Standard_B2s,0.0464,33.85,,,,,,,,,,default,default
azure,azure-canadacentral,azure-canadacentral,Standard_B2ms,0.0928,33.85,,,,,,,,,,default,default
azure,azure-canadacentral,azure-canadacentral,Standard_B4ms,0.1850,33.85,,,,,,,,,,default,default
azure,azure-canadacentral,azure-canadacentral,Standard_B8ms,0.3710,33.85,,,,,,,,,,default,default
azure,azure-canadacentral,azure-canadacentral,Standard_A1_v2,0.043,34.51,,,,,,,,,,StandardSSD,default
azure,azure-canadaeast,azure-canadaeast,Standard_B1s,0.0116,34.4,,,,,,,,,,default,default
azure,azure-canadaeast,azure-canadaeast,Standard_B1ms,0.0232,33.85,,,,,,,,,,default,default
azure,azure-canadaeast,azure-canadaeast,Standard_B2s,0.0464,33.85,,,,,,,,,,default,default
azure,azure-canadaeast,azure-canadaeast,Standard_B2ms,0.0928,33.85,,,,,,,,,,default,default
azure,azure-canadaeast,azure-canadaeast,Standard_B4ms,0.1860,33.85,,,,,,,,,,default,default
azure,azure-canadaeast,azure-canadaeast,Standard_B8ms,0.3710,33.85,,,,,,,,,,default,default
azure,azure-canadaeast,azure-canadaeast,Standard_A1_v2,0.043,34.51,,,,,,,,,,StandardSSD,default
azure,azure-centralindia,azure-centralindia,Standard_B1s,0.0112,34.18,,,,,,,,,,default,default
azure,azure-centralindia,azure-centralindia,Standard_B1ms,0.0224,33.85,,,,,,,,,,default,default
azure,azure-centralindia,azure-centralindia,Standard_B2s,0.0448,33.85,,,,,,,,,,default,default
azure,azure-centralindia,azure-centralindia,Standard_B2ms,0.0896,33.85,,,,,,,,,,default,default
azure,azure-centralindia,azure-centralindia,Standard_B4ms,0.1790,33.85,,,,,,,,,,default,default
azure,azure-centralindia,azure-centralindia,Standard_B8ms,0.3580,33.85,,,,,,,,,,default,default
azure,azure-centralindia,azure-centralindia,Standard_A1_v2,0.047,34.51,,,,,,,,,,StandardSSD,default
azure,azure-centralus,azure-centralus,Standard_B1s,0.0125,33.3,,,,,,,,,,default,default
azure,azure-centralus,azure-centralus,Standard_B1ms,0.0250,33.85,,,,,,,,,,default,default
azure,azure-centralus,azure-centralus,Standard_B2s,0.0499,33.85,,,,,,,,,,default,default
azure,azure-centralus,azure-centralus,Standard_B2ms,0.0998,33.85,,,,,,,,,,default,default
azure,azure-centralus,azure-centralus,Standard_B4ms,0.2000,33.85,,,,,,,,,,default,default
azure,azure-centralus,azure-centralus,Standard_B8ms,0.3990,33.85,,,,,,,,,,default,default
azure,azure-centralus,azure-centralus,Standard_A1_v2,0.043,33.96,,,,,,,,,,StandardSSD,default
azure,azure-eastasia,azure-eastasia,Standard_B1s,0.0146,34.4,,,,,,,,,,default,default
azure,azure-eastasia,azure-eastasia,Standard_B1ms,0.0292,33.85,,,,,,,,,,default,default
azure,azure-eastasia,azure-eastasia,Standard_B2s,0.0584,33.85,,,,,,,,,,default,default
azure,azure-eastasia,azure-eastasia,Standard_B2ms,0.1170,33.85,,,,,,,,,,default,default
azure,azure-eastasia,azure-eastasia,Standard_B4ms,0.2340,33.85,,,,,,,,,,default,default
azure,azure-eastasia,azure-eastasia,Standard_B8ms,0.4670,33.85,,,,,,,,,,default,default
azure,azure-eastasia,azure-eastasia,Standard_A1_v2,0.05,33.96,,,,,,,,,,StandardSSD,default
azure,azure-eastus,azure-eastus,Standard_B1s,0.0104,33.85,,,,,,,,,,default,default
azure,azure-eastus,azure-eastus,Standard_B1ms,0.0207,33.85,,,,,,,,,,default,default
azure,azure-eastus,azure-eastus,Standard_B2s,0.0416,33.85,,,,,,,,,,default,default
azure,azure-eastus,azure-eastus,Standard_B2ms,0.0832,33.85,,,,,,,,,,default,default
azure,azure-eastus,azure-eastus,Standard_B4ms,0.1660,33.85,,,,,,,,,,default,default
azure,azure-eastus,azure-eastus,Standard_B8ms,0.3330,33.85,,,,,,,,,,default,default
azure,azure-eastus,azure-eastus,Standard_A1_v2,0.043,34.4,,,,,,,,,,StandardSSD,default
azure,azure-eastus2,azure-eastus2,Standard_B1s,0.0104,34.4,,,,,,,,,,default,default
azure,azure-eastus2,azure-eastus2,Standard_B1ms,0.0208,33.85,,,,,,,,,,default,default
azure,azure-eastus2,azure-eastus2,Standard_B2s,0.0416,33.85,,,,,,,,,,default,default
azure,azure-eastus2,azure-eastus2,Standard_B2ms,0.0832,33.85,,,,,,,,,,default,default
azure,azure-eastus2,azure-eastus2,Standard_B4ms,0.1660,33.85,,,,,,,,,,default,default
azure,azure-eastus2,azure-eastus2,Standard_B8ms,0.3330,33.85,,,,,,,,,,default,default
azure,azure-eastus2,azure-eastus2,Standard_A1_v2,0.043,34.18,,,,,,,,,,StandardSSD,default
azure,azure-francecentral,azure-francecentral,Standard_B1s,0.0118,34.29,,,,,,,,,,default,default
azure,azure-francecentral,azure-francecentral,Standard_B1ms,0.0208,33.85,,,,,,,,,,default,default
azure,azure-francecentral,azure-francecentral,Standard_B2s,0.0416,33.85,,,,,,,,,,default,default
azure,azure-francecentral,azure-francecentral,Standard_B2ms,0.0832,33.85,,,,,,,,,,default,default
azure,azure-francecentral,azure-francecentral,Standard_B4ms,0.1660,33.85,,,,,,,,,,default,default
azure,azure-francecentral,azure-francecentral,Standard_B8ms,0.3330,33.85,,,,,,,,,,default,default
azure,azure-francecentral,azure-francecentral,Standard_A1_v2,0.05,34.07,,,,,,,,,,StandardSSD,default
azure,azure-germanywestcentral,azure-germanywestcentral,Standard_B1s,0.0120,33.96,,,,,,,,,,default,default
azure,azure-germanywestcentral,azure-germanywestcentral,Standard_B1ms,0.0240,33.85,,,,,,,,,,default,default
azure,azure-germanywestcentral,azure-germanywestcentral,Standard_B2s,0.0480,33.85,,,,,,,,,,default,default
azure,azure-germanywestcentral,azure-germanywestcentral,Standard_B2ms,0.0960,33.85,,,,,,,,,,default,default
azure,azure-germanywestcentral,azure-germanywestcentral,Standard_B4ms,0.1920,33.85,,,,,,,,,,default,default
azure,azure-germanywestcentral,azure-germanywestcentral,Standard_B8ms,0.3840,33.85,,,,,,,,,,default,default
azure,azure-japaneast,azure-japaneast,Standard_B1s,0.0136,33.96,,,,,,,,,,default,default
azure,azure-japaneast,azure-japaneast,Standard_B1ms,0.0272,33.85,,,,,,,,,,default,default
azure,azure-japaneast,azure-japaneast,Standard_B2s,0.0544,33.85,,,,,,,,,,default,default
azure,azure-japaneast,azure-japaneast,Standard_B2ms,0.1090,33.85,,,,,,,,,,default,default
azure,azure-japaneast,azure-japaneast,Standard_B4ms,0.2180,33.85,,,,,,,,,,default,default
azure,azure-japaneast,azure-japaneast,Standard_B8ms,0.4350,33.85,,,,,,,,,,default,default
azure,azure-japaneast,azure-japaneast,Standard_A1_v2,0.054,34.07,,,,,,,,,,StandardSSD,default
azure,azure-japanwest,azure-japanwest,Standard_B1s,0.015,34.4,,,,,,,,,,default,default
azure,azure-japanwest,azure-japanwest,Standard_B1ms,0.0300,33.85,,,,,,,,,,default,default
azure,azure-japanwest,azure-japanwest,Standard_B2s,0.0599,33.85,,,,,,,,,,default,default
azure,azure-japanwest,azure-japanwest,Standard_B2ms,0.1200,33.85,,,,,,,,,,default,default
azure,azure-japanwest,azure-japanwest,Standard_B4ms,0.2400,33.85,,,,,,,,,,default,default
azure,azure-japanwest,azure-japanwest,Standard_B8ms,0.4790,33.85,,,,,,,,,,default,default
azure,azure-japanwest,azure-japanwest,Standard_A1_v2,0.054,34.51,,,,,,,,,,StandardSSD,default
azure,azure-koreacentral,azure-koreacentral,Standard_B1s,0.013,34.4,,,,,,,,,,default,default
azure,azure-koreacentral,azure-koreacentral,Standard_B1ms,0.0260,33.85,,,,,,,,,,default,default
azure,azure-koreacentral,azure-koreacentral,Standard_B2s,0.0520,33.85,,,,,,,,,,default,default
azure,azure-koreacentral,azure-koreacentral,Standard_B2ms,0.1040,33.85,,,,,,,,,,default,default
azure,azure-koreacentral,azure-koreacentral,Standard_B4ms,0.2080,33.85,,,,,,,,,,default,default
azure,azure-koreacentral,azure-koreacentral,Standard_B8ms,0.4160,33.85,,,,,,,,,,default,default
azure,azure-koreacentral,azure-koreacentral,Standard_A1_v2,0.049,34.51,,,,,,,,,,StandardSSD,default
azure,azure-koreasouth,azure-koreasouth,Standard_B1s,0.013,34.18,,,,,,,,,,default,default
azure,azure-koreasouth,azure-koreasouth,Standard_B1ms,0.0260,33.85,,,,,,,,,,default,default
azure,azure-koreasouth,azure-koreasouth,Standard_B2s,0.0520,33.85,,,,,,,,,,default,default
azure,azure-koreasouth,azure-koreasouth,Standard_B2ms,0.1040,33.85,,,,,,,,,,default,default
azure,azure-koreasouth,azure-koreasouth,Standard_B4ms,0.2070,33.85,,,,,,,,,,default,default
azure,azure-koreasouth,azure-koreasouth,Standard_B8ms,0.4150,33.85,,,,,,,,,,default,default
azure,azure-koreasouth,azure-koreasouth,Standard_A1_v2,0.044,34.07,,,,,,,,,,StandardSSD,default
azure,azure-northcentralus,azure-northcentralus,Standard_B1s,0.0104,33.3,,,,,,,,,,default,default
azure,azure-northcentralus,azure-northcentralus,Standard_B1ms,0.0208,33.85,,,,,,,,,,default,default
azure,azure-northcentralus,azure-northcentralus,Standard_B2s,0.0416,33.85,,,,,,,,,,default,default
azure,azure-northcentralus,azure-northcentralus,Standard_B2ms,0.0832,33.85,,,,,,,,,,default,default
azure,azure-northcentralus,azure-northcentralus,Standard_B4ms,0.1660,33.85,,,,,,,,,,default,default
azure,azure-northcentralus,azure-northcentralus,Standard_B8ms,0.3330,33.85,,,,,,,,,,default,default
azure,azure-northcentralus,azure-northcentralus,Standard_A1_v2,0.043,33.96,,,,,,,,,,StandardSSD,default
azure,azure-northeurope,azure-northeurope,Standard_B1s,0.0113,34.4,,,,,,,,,,default,default
azure,azure-northeurope,azure-northeurope,Standard_B1ms,0.0227,33.85,,,,,,,,,,default,default
azure,azure-northeurope,azure-northeurope,Standard_B2s,0.0450,33.85,,,,,,,,,,default,default
azure,azure-northeurope,azure-northeurope,Standard_B2ms,0.0910,33.85,,,,,,,,,,default,default
azure,azure-northeurope,azure-northeurope,Standard_B4ms,0.1820,33.85,,,,,,,,,,default,default
azure,azure-northeurope,azure-northeurope,Standard_B8ms,0.3640,33.85,,,,,,,,,,default,default
azure,azure-northeurope,azure-northeurope,Standard_A1_v2,0.041,33.96,,,,,,,,,,StandardSSD,default
azure,azure-norwayeast,azure-norwayeast,Standard_B1s,0.0132,33.85,,,,,,,,,,default,default
azure,azure-norwayeast,azure-norwayeast,Standard_B1ms,0.0264,33.85,,,,,,,,,,default,default
azure,azure-norwayeast,azure-norwayeast,Standard_B2s,0.0528,33.85,,,,,,,,,,default,default
azure,azure-norwayeast,azure-norwayeast,Standard_B2ms,0.1060,33.85,,,,,,,,,,default,default
azure,azure-norwayeast,azure-norwayeast,Standard_B4ms,0.2110,33.85,,,,,,,,,,default,default
azure,azure-norwayeast,azure-norwayeast,Standard_B8ms,0.4220,33.85,,,,,,,,,,default,default
azure,azure-southafricanorth,azure-southafricanorth,Standard_B1s,0.0136,34.4,,,,,,,,,,default,default
azure,azure-southafricanorth,azure-southafricanorth,Standard_B1ms,0.0271,33.85,,,,,,,,,,default,default
azure,azure-southafricanorth,azure-southafricanorth,Standard_B2s,0.0542,33.85,,,,,,,,,,default,default
azure,azure-southafricanorth,azure-southafricanorth,Standard_B2ms,0.1080,33.85,,,,,,,,,,default,default
azure,azure-southafricanorth,azure-southafricanorth,Standard_B4ms,0.2170,33.85,,,,,,,,,,default,default
azure,azure-southafricanorth,azure-southafricanorth,Standard_B8ms,0.4340,33.85,,,,,,,,,,default,default
azure,azure-southafricanorth,azure-southafricanorth,Standard_A1_v2,0.0482,34.4,,,,,,,,,,StandardSSD,default
azure,azure-southcentralus,azure-southcentralus,Standard_B1s,0.0125,34.18,,,,,,,,,,default,default
azure,azure-southcentralus,azure-southcentralus,Standard_B1ms,0.0250,33.85,,,,,,,,,,default,default
azure,azure-southcentralus,azure-southcentralus,Standard_B2s,0.0499,33.85,,,,,,,,,,default,default
azure,azure-southcentralus,azure-southcentralus,Standard_B2ms,0.0998,33.85,,,,,,,,,,default,default
azure,azure-southcentralus,azure-southcentralus,Standard_B4ms,0.2000,33.85,,,,,,,,,,default,default
azure,azure-southcentralus,azure-southcentralus,Standard_B8ms,0.3990,33.85,,,,,,,,,,default,default
azure,azure-southcentralus,azure-southcentralus,Standard_A1_v2,0.043,34.18,,,,,,,,,,StandardSSD,default
azure,azure-southeastasia,azure-southeastasia,Standard_D2d_v4,0.141,77.43,,,,,,,,,,default,default
azure,azure-southeastasia,azure-southeastasia,Standard_D2as_v4,0.12,66.87,,,,,,,,,,default,default
azure,azure-southeastasia,azure-southeastasia,Standard_B1s,0.0132,33.96,,,,,,,,,,default,default
azure,azure-southeastasia,azure-southeastasia,Standard_B1ms,0.0264,33.85,,,,,,,,,,default,default
azure,azure-southeastasia,azure-southeastasia,Standard_B2s,0.0528,33.85,,,,,,,,,,default,default
azure,azure-southeastasia,azure-southeastasia,Standard_B2ms,0.1060,33.85,,,,,,,,,,default,default
azure,azure-southeastasia,azure-southeastasia,Standard_B4ms,0.2110,33.85,,,,,,,,,,default,default
azure,azure-southeastasia,azure-southeastasia,Standard_B8ms,0.4220,33.85,,,,,,,,,,default,default
azure,azure-southeastasia,azure-southeastasia,Standard_A1_v2,0.045,34.29,,,,,,,,,,StandardSSD,default
azure,azure-southindia,azure-southindia,Standard_B1s,0.0145,34.51,,,,,,,,,,default,default
azure,azure-southindia,azure-southindia,Standard_B1ms,0.0294,33.85,,,,,,,,,,default,default
azure,azure-southindia,azure-southindia,Standard_B2s,0.0580,33.85,,,,,,,,,,default,default
azure,azure-southindia,azure-southindia,Standard_B2ms,0.1180,33.85,,,,,,,,,,default,default
azure,azure-southindia,azure-southindia,Standard_B4ms,0.2360,33.85,,,,,,,,,,default,default
azure,azure-southindia,azure-southindia,Standard_B8ms,0.4710,33.85,,,,,,,,,,default,default
azure,azure-southindia,azure-southindia,Standard_A1_v2,0.047,33.85,,,,,,,,,,StandardSSD,default
azure,azure-switzerlandnorth,azure-switzerlandnorth,Standard_B1s,0.0132,34.4,,,,,,,,,,default,default
azure,azure-switzerlandnorth,azure-switzerlandnorth,Standard_B1ms,0.0264,33.85,,,,,,,,,,default,default
azure,azure-switzerlandnorth,azure-switzerlandnorth,Standard_B2s,0.0528,33.85,,,,,,,,,,default,default
azure,azure-switzerlandnorth,azure-switzerlandnorth,Standard_B2ms,0.1056,33.85,,,,,,,,,,default,default
azure,azure-switzerlandnorth,azure-switzerlandnorth,Standard_B4ms,0.2112,33.85,,,,,,,,,,default,default
azure,azure-switzerlandnorth,azure-switzerlandnorth,Standard_B8ms,0.4224,33.85,,,,,,,,,,default,default
azure,azure-uaenorth,azure-uaenorth,Standard_B1s,0.0125,34.18,,,,,,,,,,default,default
azure,azure-uaenorth,azure-uaenorth,Standard_B1ms,0.0250,33.85,,,,,,,,,,default,default
azure,azure-uaenorth,azure-uaenorth,Standard_B2s,0.0499,33.85,,,,,,,,,,default,default
azure,azure-uaenorth,azure-uaenorth,Standard_B2ms,0.0998,33.85,,,,,,,,,,default,default
azure,azure-uaenorth,azure-uaenorth,Standard_B4ms,0.2000,33.85,,,,,,,,,,default,default
azure,azure-uaenorth,azure-uaenorth,Standard_B8ms,0.3990,33.85,,,,,,,,,,default,default
azure,azure-uaenorth,azure-uaenorth,Standard_A1_v2,0.0432,34.51,,,,,,,,,,StandardSSD,default
azure,azure-uksouth,azure-uksouth,Standard_B1s,0.0118,34.29,,,,,,,,,,default,default
azure,azure-uksouth,azure-uksouth,Standard_B1ms,0.0236,33.85,,,,,,,,,,default,default
azure,azure-uksouth,azure-uksouth,Standard_B2s,0.0472,33.85,,,,,,,,,,default,default
azure,azure-uksouth,azure-uksouth,Standard_B2ms,0.0944,33.85,,,,,,,,,,default,default
azure,azure-uksouth,azure-uksouth,Standard_B4ms,0.1890,33.85,,,,,,,,,,default,default
azure,azure-uksouth,azure-uksouth,Standard_B8ms,0.3780,33.85,,,,,,,,,,default,default
azure,azure-uksouth,azure-uksouth,Standard_A1_v2,0.05,34.07,,,,,,,,,,StandardSSD,default
azure,azure-ukwest,azure-ukwest,Standard_B1s,0.0118,34.07,,,,,,,,,,default,default
azure,azure-ukwest,azure-ukwest,Standard_B1ms,0.0235,33.85,,,,,,,,,,default,default
azure,azure-ukwest,azure-ukwest,Standard_B2s,0.0470,33.85,,,,,,,,,,default,default
azure,azure-ukwest,azure-ukwest,Standard_B2ms,0.0940,33.85,,,,,,,,,,default,default
azure,azure-ukwest,azure-ukwest,Standard_B4ms,0.1880,33.85,,,,,,,,,,default,default
azure,azure-ukwest,azure-ukwest,Standard_B8ms,0.3760,33.85,,,,,,,,,,default,default
azure,azure-ukwest,azure-ukwest,Standard_A1_v2,0.05,33.3,,,,,,,,,,StandardSSD,default
azure,azure-westcentralus,azure-westcentralus,Standard_B1s,0.0125,33.85,,,,,,,,,,default,default
azure,azure-westcentralus,azure-westcentralus,Standard_B1ms,0.0250,33.85,,,,,,,,,,default,default
azure,azure-westcentralus,azure-westcentralus,Standard_B2s,0.0499,33.85,,,,,,,,,,default,default
azure,azure-westcentralus,azure-westcentralus,Standard_B2ms,0.0998,33.85,,,,,,,,,,default,default
azure,azure-westcentralus,azure-westcentralus,Standard_B4ms,0.2000,33.85,,,,,,,,,,default,default
azure,azure-westcentralus,azure-westcentralus,Standard_B8ms,0.3990,33.85,,,,,,,,,,default,default
azure,azure-westcentralus,azure-westcentralus,Standard_A1_v2,0.04,34.4,,,,,,,,,,StandardSSD,default
azure,azure-westeurope,azure-westeurope,Standard_B1s,0.0120,34.4,,,,,,,,,,default,default
azure,azure-westeurope,azure-westeurope,Standard_B1ms,0.0240,33.85,,,,,,,,,,default,default
azure,azure-westeurope,azure-westeurope,Standard_B2s,0.0480,33.85,,,,,,,,,,default,default
azure,azure-westeurope,azure-westeurope,Standard_B2ms,0.0960,33.85,,,,,,,,,,default,default
azure,azure-westeurope,azure-westeurope,Standard_B4ms,0.1920,33.85,,,,,,,,,,default,default
azure,azure-westeurope,azure-westeurope,Standard_B8ms,0.3840,33.85,,,,,,,,,,default,default
azure,azure-westeurope,azure-westeurope,Standard_A1_v2,0.041,34.4,,,,,,,,,,StandardSSD,default
azure,azure-westindia,azure-westindia,Standard_B1s,0.0147,34.18,,,,,,,,,,default,default
azure,azure-westindia,azure-westindia,Standard_B1ms,0.0300,33.85,,,,,,,,,,default,default
azure,azure-westindia,azure-westindia,Standard_B2s,0.0590,33.85,,,,,,,,,,default,default
azure,azure-westindia,azure-westindia,Standard_B2ms,0.1190,33.85,,,,,,,,,,default,default
azure,azure-westindia,azure-westindia,Standard_B4ms,0.2380,33.85,,,,,,,,,,default,default
azure,azure-westindia,azure-westindia,Standard_B8ms,0.4760,33.85,,,,,,,,,,default,default
azure,azure-westindia,azure-westindia,Standard_A1_v2,0.047,34.18,,,,,,,,,,StandardSSD,default
azure,azure-westus,azure-westus,Standard_B1s,0.0124,33.3,,,,,,,,,,default,default
azure,azure-westus,azure-westus,Standard_B1ms,0.0248,33.85,,,,,,,,,,default,default
azure,azure-westus,azure-westus,Standard_B2s,0.0496,33.85,,,,,,,,,,default,default
azure,azure-westus,azure-westus,Standard_B2ms,0.0992,33.85,,,,,,,,,,default,default
azure,azure-westus,azure-westus,Standard_B4ms,0.1980,33.85,,,,,,,,,,default,default
azure,azure-westus,azure-westus,Standard_B8ms,0.3970,33.85,,,,,,,,,,default,default
azure,azure-westus,azure-westus,Standard_A1_v2,0.043,34.29,,,,,,,,,,StandardSSD,default
azure,azure-westus2,azure-westus2,Standard_B1s,0.0104,34.4,,,,,,,,,,default,default
azure,azure-westus2,azure-westus2,Standard_B1ms,0.0207,33.85,,,,,,,,,,default,default
azure,azure-westus2,azure-westus2,Standard_B2s,0.0416,33.85,,,,,,,,,,default,default
azure,azure-westus2,azure-westus2,Standard_B2ms,0.0832,33.85,,,,,,,,,,default,default
azure,azure-westus2,azure-westus2,Standard_B4ms,0.1660,33.85,,,,,,,,,,default,default
azure,azure-westus2,azure-westus2,Standard_B8ms,0.3330,33.85,,,,,,,,,,default,default
azure,azure-westus2,azure-westus2,Standard_A1_v2,0.036,33.96,,,,,,,,,,StandardSSD,default
gcp,gcp-asia-east1,gcp-asia-east1,g1-small,0.0322,33.85,,,,,,,,,,default,default
gcp,gcp-asia-east1,gcp-asia-east1,e2-standard-2,0.07759,54.43,,,,,,,,,,default,default
gcp,gcp-asia-east1,gcp-asia-east1,e2-standard-4,0.15518,54.43,,,,,,,,,,default,default
gcp,gcp-asia-east1,gcp-asia-east1,e2-standard-8,0.31036,54.43,,,,,,,,,,default,default
gcp,gcp-asia-east1,gcp-asia-east1,e2-standard-16,0.62072,54.43,,,,,,,,,,default,default
gcp,gcp-asia-east2,gcp-asia-east2,g1-small,0.0322,34.4,,,,,,,,,,default,default
gcp,gcp-asia-east2,gcp-asia-east2,e2-standard-2,0.093758,54.43,,,,,,,,,,default,default
gcp,gcp-asia-east2,gcp-asia-east2,e2-standard-4,0.187516,54.43,,,,,,,,,,default,default
gcp,gcp-asia-east2,gcp-asia-east2,e2-standard-8,0.375032,54.43,,,,,,,,,,default,default
gcp,gcp-asia-east2,gcp-asia-east2,e2-standard-16,0.750064,54.43,,,,,,,,,,default,default
gcp,gcp-asia-northeast1,gcp-asia-northeast1,g1-small,0.0322,34.4,,,,,,,,,,default,default
gcp,gcp-asia-northeast1,gcp-asia-northeast1,e2-standard-2,0.085964,54.43,,,,,,,,,,default,default
gcp,gcp-asia-northeast1,gcp-asia-northeast1,e2-standard-4,0.171928,54.43,,,,,,,,,,default,default
gcp,gcp-asia-northeast1,gcp-asia-northeast1,e2-standard-8,0.343856,54.43,,,,,,,,,,default,default
gcp,gcp-asia-northeast1,gcp-asia-northeast1,e2-standard-16,0.687712,54.43,,,,,,,,,,default,default
gcp,gcp-asia-northeast2,gcp-asia-northeast2,g1-small,0.0322,34.51,,,,,,,,,,default,default
gcp,gcp-asia-northeast2,gcp-asia-northeast2,e2-standard-2,0.085964,54.43,,,,,,,,,,default,default
gcp,gcp-asia-northeast2,gcp-asia-northeast2,e2-standard-4,0.171928,54.43,,,,,,,,,,default,default
gcp,gcp-asia-northeast2,gcp-asia-northeast2,e2-standard-8,0.343856,54.43,,,,,,,,,,default,default
gcp,gcp-asia-northeast2,gcp-asia-northeast2,e2-standard-16,0.687712,54.43,,,,,,,,,,default,default
gcp,gcp-asia-northeast3,gcp-asia-northeast3,g1-small,0.0311,34.18,,,,,,,,,,default,default
gcp,gcp-asia-northeast3,gcp-asia-northeast3,e2-standard-2,0.085964,54.43,,,,,,,,,,default,default
gcp,gcp-asia-northeast3,gcp-asia-northeast3,e2-standard-4,0.171928,54.43,,,,,,,,,,default,default
gcp,gcp-asia-northeast3,gcp-asia-northeast3,e2-standard-8,0.343856,54.43,,,,,,,,,,default,default
gcp,gcp-asia-northeast3,gcp-asia-northeast3,e2-standard-16,0.687712,54.43,,,,,,,,,,default,default
gcp,gcp-asia-south1,gcp-asia-south1,g1-small,0.0257,34.18,,,,,,,,,,default,default
gcp,gcp-asia-south1,gcp-asia-south1,e2-standard-2,0.080486,54.43,,,,,,,,,,default,default
gcp,gcp-asia-south1,gcp-asia-south1,e2-standard-4,0.160972,54.43,,,,,,,,,,default,default
gcp,gcp-asia-south1,gcp-asia-south1,e2-standard-8,0.321944,54.43,,,,,,,,,,default,default
gcp,gcp-asia-south1,gcp-asia-south1,e2-standard-16,0.643888,54.43,,,,,,,,,,default,default
gcp,gcp-asia-southeast1,gcp-asia-southeast1,n2d-standard-2,0.104234,62.57,,,,,,,,,,default,default
gcp,gcp-asia-southeast1,gcp-asia-southeast1,n2-standard-2,0.119806,77.3,,,,,,,,,,default,default
gcp,gcp-asia-southeast1,gcp-asia-southeast1,g1-small,0.0257,34.07,,,,,,,,,,default,default
gcp,gcp-asia-southeast1,gcp-asia-southeast1,e2-standard-2,0.082658,58.93,,,,,,,,,,default,default
gcp,gcp-asia-southeast1,gcp-asia-southeast1,e2-standard-4,0.165316,54.43,,,,,,,,,,default,default
gcp,gcp-asia-southeast1,gcp-asia-southeast1,e2-standard-8,0.330632,54.43,,,,,,,,,,default,default
gcp,gcp-asia-southeast1,gcp-asia-southeast1,e2-standard-16,0.661264,54.43,,,,,,,,,,default,default
gcp,gcp-asia-southeast2,gcp-asia-southeast2,g1-small,0.0257,34.07,,,,,,,,,,default,default
gcp,gcp-australia-southeast1,gcp-australia-southeast1,g1-small,0.0257,33.96,,,,,,,,,,default,default
gcp,gcp-australia-southeast1,gcp-australia-southeast1,e2-standard-2,0.095076,54.43,,,,,,,,,,default,default
gcp,gcp-australia-southeast1,gcp-australia-southeast1,e2-standard-4,0.190152,54.43,,,,,,,,,,default,default
gcp,gcp-australia-southeast1,gcp-australia-southeast1,e2-standard-8,0.380304,54.43,,,,,,,,,,default,default
gcp,gcp-australia-southeast1,gcp-australia-southeast1,e2-standard-16,0.760608,54.43,,,,,,,,,,default,default
gcp,gcp-europe-central2,gcp-europe-central2,g1-small,0.0257,34.4,,,,,,,,,,default,default
gcp,gcp-europe-north1,gcp-europe-north1,g1-small,0.0322,33.85,,,,,,,,,,default,default
gcp,gcp-europe-north1,gcp-europe-north1,e2-standard-2,0.073776,54.43,,,,,,,,,,default,default
gcp,gcp-europe-north1,gcp-europe-north1,e2-standard-4,0.147552,54.43,,,,,,,,,,default,default
gcp,gcp-europe-north1,gcp-europe-north1,e2-standard-8,0.295104,54.43,,,,,,,,,,default,default
gcp,gcp-europe-north1,gcp-europe-north1,e2-standard-16,0.590208,54.43,,,,,,,,,,default,default
gcp,gcp-europe-west1,gcp-europe-west1,g1-small,0.0322,34.51,,,,,,,,,,default,default
gcp,gcp-europe-west1,gcp-europe-west1,e2-standard-2,0.07372,54.43,,,,,,,,,,default,default
gcp,gcp-europe-west1,gcp-europe-west1,e2-standard-4,0.14753,54.43,,,,,,,,,,default,default
gcp,gcp-europe-west1,gcp-europe-west1,e2-standard-8,0.29486,54.43,,,,,,,,,,default,default
gcp,gcp-europe-west1,gcp-europe-west1,e2-standard-16,0.58972,54.43,,,,,,,,,,default,default
gcp,gcp-europe-west2,gcp-europe-west2,g1-small,0.0322,34.4,,,,,,,,,,default,default
gcp,gcp-europe-west2,gcp-europe-west2,e2-standard-2,0.08634,54.43,,,,,,,,,,default,default
gcp,gcp-europe-west2,gcp-europe-west2,e2-standard-4,0.17267,54.43,,,,,,,,,,default,default
gcp,gcp-europe-west2,gcp-europe-west2,e2-standard-8,0.34534,54.43,,,,,,,,,,default,default
gcp,gcp-europe-west2,gcp-europe-west2,e2-standard-16,0.69068,54.43,,,,,,,,,,default,default
gcp,gcp-europe-west3,gcp-europe-west3,g1-small,0.0322,34.4,,,,,,,,,,default,default
gcp,gcp-europe-west3,gcp-europe-west3,e2-standard-2,0.08634,54.43,,,,,,,,,,default,default
gcp,gcp-europe-west3,gcp-europe-west3,e2-standard-4,0.17267,54.43,,,,,,,,,,default,default
gcp,gcp-europe-west3,gcp-europe-west3,e2-standard-8,0.34534,54.43,,,,,,,,,,default,default
gcp,gcp-europe-west3,gcp-europe-west3,e2-standard-16,0.69068,54.43,,,,,,,,,,default,default
gcp,gcp-europe-west4,gcp-europe-west4,g1-small,0.0322,34.51,,,,,,,,,,default,default
gcp,gcp-europe-west4,gcp-europe-west4,e2-standard-2,0.07377,54.43,,,,,,,,,,default,default
gcp,gcp-europe-west4,gcp-europe-west4,e2-standard-4,0.14754,54.43,,,,,,,,,,default,default
gcp,gcp-europe-west4,gcp-europe-west4,e2-standard-8,0.29509,54.43,,,,,,,,,,default,default
gcp,gcp-europe-west4,gcp-europe-west4,e2-standard-16,0.59018,54.43,,,,,,,,,,default,default
gcp,gcp-europe-west6,gcp-europe-west6,g1-small,0.0322,34.18,,,,,,,,,,default,default
gcp,gcp-europe-west6,gcp-europe-west6,e2-standard-2,0.093758,54.43,,,,,,,,,,default,default
gcp,gcp-europe-west6,gcp-europe-west6,e2-standard-4,0.187516,54.43,,,,,,,,,,default,default
gcp,gcp-europe-west6,gcp-europe-west6,e2-standard-8,0.375032,54.43,,,,,,,,,,default,default
gcp,gcp-europe-west6,gcp-europe-west6,e2-standard-16,0.750064,54.43,,,,,,,,,,default,default
gcp,gcp-northamerica-northeast1,gcp-northamerica-northeast1,g1-small,0.0257,34.18,,,,,,,,,,default,default
gcp,gcp-northamerica-northeast1,gcp-northamerica-northeast1,e2-standard-2,0.07377,54.43,,,,,,,,,,default,default
gcp,gcp-northamerica-northeast1,gcp-northamerica-northeast1,e2-standard-4,0.14754,54.43,,,,,,,,,,default,default
gcp,gcp-northamerica-northeast1,gcp-northamerica-northeast1,e2-standard-8,0.29508,54.43,,,,,,,,,,default,default
gcp,gcp-northamerica-northeast1,gcp-northamerica-northeast1,e2-standard-16,0.59016,54.43,,,,,,,,,,default,default
gcp,gcp-southamerica-east1,gcp-southamerica-east1,g1-small,0.0257,34.07,,,,,,,,,,default,default
gcp,gcp-southamerica-east1,gcp-southamerica-east1,e2-standard-2,0.106368,54.43,,,,,,,,,,default,default
gcp,gcp-southamerica-east1,gcp-southamerica-east1,e2-standard-4,0.212736,54.43,,,,,,,,,,default,default
gcp,gcp-southamerica-east1,gcp-southamerica-east1,e2-standard-8,0.425472,54.43,,,,,,,,,,default,default
gcp,gcp-southamerica-east1,gcp-southamerica-east1,e2-standard-16,0.850944,54.43,,,,,,,,,,default,default
gcp,gcp-us-central1,gcp-us-central1,g1-small,0.0257,34.29,,,,,,,,,,default,default
gcp,gcp-us-central1,gcp-us-central1,e2-standard-2,0.06701,54.43,,,,,,,,,,default,default
gcp,gcp-us-central1,gcp-us-central1,e2-standard-4,0.13402,54.43,,,,,,,,,,default,default
gcp,gcp-us-central1,gcp-us-central1,e2-standard-8,0.26805,54.43,,,,,,,,,,default,default
gcp,gcp-us-central1,gcp-us-central1,e2-standard-16,0.53609,54.43,,,,,,,,,,default,default
gcp,gcp-us-east1,gcp-us-east1,g1-small,0.0257,33.96,,,,,,,,,,default,default
gcp,gcp-us-east1,gcp-us-east1,e2-standard-2,0.06701,54.43,,,,,,,,,,default,default
gcp,gcp-us-east1,gcp-us-east1,e2-standard-4,0.13402,54.43,,,,,,,,,,default,default
gcp,gcp-us-east1,gcp-us-east1,e2-standard-8,0.26805,54.43,,,,,,,,,,default,default
gcp,gcp-us-east1,gcp-us-east1,e2-standard-16,0.53609,54.43,,,,,,,,,,default,default
gcp,gcp-us-east4,gcp-us-east4,g1-small,0.0257,33.3,,,,,,,,,,default,default
gcp,gcp-us-east4,gcp-us-east4,e2-standard-2,0.07547,54.43,,,,,,,,,,default,default
gcp,gcp-us-east4,gcp-us-east4,e2-standard-4,0.15094,54.43,,,,,,,,,,default,default
gcp,gcp-us-east4,gcp-us-east4,e2-standard-8,0.30188,54.43,,,,,,,,,,default,default
gcp,gcp-us-east4,gcp-us-east4,e2-standard-16,0.60377,54.43,,,,,,,,,,default,default
gcp,gcp-us-west1,gcp-us-west1,g1-small,0.0322,34.07,,,,,,,,,,default,default
gcp,gcp-us-west1,gcp-us-west1,e2-standard-2,0.06701,54.43,,,,,,,,,,default,default
gcp,gcp-us-west1,gcp-us-west1,e2-standard-4,0.13402,54.43,,,,,,,,,,default,default
gcp,gcp-us-west1,gcp-us-west1,e2-standard-8,0.26805,54.43,,,,,,,,,,default,default
gcp,gcp-us-west1,gcp-us-west1,e2-standard-16,0.53609,54.43,,,,,,,,,,default,default
gcp,gcp-us-west2,gcp-us-west2,g1-small,0.0322,33.96,,,,,,,,,,default,default
gcp,gcp-us-west2,gcp-us-west2,e2-standard-2,0.08049,54.43,,,,,,,,,,default,default
gcp,gcp-us-west2,gcp-us-west2,e2-standard-4,0.16098,54.43,,,,,,,,,,default,default
gcp,gcp-us-west2,gcp-us-west2,e2-standard-8,0.32196,54.43,,,,,,,,,,default,default
gcp,gcp-us-west2,gcp-us-west2,e2-standard-16,0.64392,54.43,,,,,,,,,,default,default
gcp,gcp-us-west3,gcp-us-west3,g1-small,0.0257,34.4,,,,,,,,,,default,default
gcp,gcp-us-west3,gcp-us-west3,e2-standard-2,0.08049,54.43,,,,,,,,,,default,default
gcp,gcp-us-west3,gcp-us-west3,e2-standard-4,0.16098,54.43,,,,,,,,,,default,default
gcp,gcp-us-west3,gcp-us-west3,e2-standard-8,0.32196,54.43,,,,,,,,,,default,default
gcp,gcp-us-west3,gcp-us-west3,e2-standard-16,0.64392,54.43,,,,,,,,,,default,default
gcp,gcp-us-west4,gcp-us-west4,g1-small,0.0322,33.85,,,,,,,,,,default,default
IBM,ibm-au-syd,ibm-au-syd,bx2-2x8,0.096,34.18,,,,,,,,,,default,default
IBM,ibm-br-sao,ibm-br-sao,bx2-2x8,0.096,34.18,,,,,,,,,,default,default
IBM,ibm-ca-tor,ibm-ca-tor,bx2-2x8,0.096,34.18,,,,,,,,,,default,default
IBM,ibm-eu-de,ibm-eu-de,bx2-2x8,0.096,34.18,,,,,,,,,,default,default
IBM,ibm-eu-gb,ibm-eu-gb,bx2-2x8,0.096,34.18,,,,,,,,,,default,default
IBM,ibm-jp-osa,ibm-jp-osa,bx2-2x8,0.096,34.18,,,,,,,,,,default,default
IBM,ibm-jp-tok,ibm-jp-tok,bx2-2x8,0.096,34.18,,,,,,,,,,default,default
IBM,ibm-us-east,ibm-us-east,bx2-2x8,0.096,34.18,,,,,,,,,,default,default
IBM,ibm-us-south,ibm-us-south,bx2-2x8,0.096,34.18,,,,,,,,,,default,default
TENCENT,tencent-ap-bangkok,tencent-ap-bangkok,S2.MEDIUM4,0.09,59.98,,,,,,,,,,default,default
TENCENT,tencent-ap-beijing,tencent-ap-beijing,SA2.MEDIUM4,0.04,59.98,,,,,,,,,,default,default
TENCENT,tencent-ap-chengdu,tencent-ap-chengdu,SA2.MEDIUM4,0.04,59.98,,,,,,,,,,default,default
TENCENT,tencent-ap-chongqing,tencent-ap-chongqing,SA2.MEDIUM4,0.04,59.98,,,,,,,,,,default,default
TENCENT,tencent-ap-guangzhou,tencent-ap-guangzhou,SA2.MEDIUM4,0.04,59.98,,,,,,,,,,default,default
TENCENT,tencent-ap-hongkong,tencent-ap-hongkong,SA2.MEDIUM4,0.04,59.98,,,,,,,,,,default,default
TENCENT,tencent-ap-jakarta,tencent-ap-jakarta,S5.MEDIUM4,0.03,59.98,,,,,,,,,,default,default
TENCENT,tencent-ap-mumbai,tencent-ap-mumbai,S5.MEDIUM4,0.03,59.98,,,,,,,,,,default,default
TENCENT,tencent-ap-nanjing,tencent-ap-nanjing,SA2.MEDIUM4,0.04,59.98,,,,,,,,,,default,default
TENCENT,tencent-ap-seoul,tencent-ap-seoul,S2.MEDIUM4,0.09,59.98,,,,,,,,,,default,default
TENCENT,tencent-ap-shanghai,tencent-ap-shanghai,SA2.MEDIUM4,0.04,59.98,,,,,,,,,,default,default
TENCENT,tencent-ap-singapore,tencent-ap-singapore,SA2.MEDIUM4,0.04,59.98,,,,,,,,,,default,default
TENCENT,tencent-ap-tokyo,tencent-ap-tokyo,S5.MEDIUM4,0.03,59.98,,,,,,,,,,default,default
TENCENT,tencent-eu-frankfurt,tencent-eu-frankfurt,SA2.MEDIUM4,0.04,59.98,,,,,,,,,,default,default
TENCENT,tencent-eu-moscow,tencent-eu-moscow,S2.MEDIUM4,0.06,59.98,,,,,,,,,,default,default
TENCENT,tencent-na-ashburn,tencent-na-ashburn,S2.MEDIUM4,0.09,59.98,,,,,,,,,,default,default
TENCENT,tencent-na-siliconvalley,tencent-na-siliconvalley,SA2.MEDIUM4,0.04,59.98,,,,,,,,,,default,default
TENCENT,tencent-na-toronto,tencent-na-toronto,S2.MEDIUM4,0.09,59.98,,,,,,,,,,default,default
